Datetime,Visitors,Page_Views,Products_Viewed,View_Without_Purchase,Rate_View_Without_Purchase,Search_Clicks,Likes,Add_to_Cart_Visitors,Add_to_Cart_Products,CR_Products_Added_to_Cart,Buyers_Orders_Created,Products_Orders_Created,Products_Ordered,CR_Orders_Created,Buyers_Ready_To_Ship,Products_Ready_To_Ship_Original,Products_Ready_To_Ship,CR_Ready_To_Ship,CR_Ready_To_Ship_over_Orders_Created
2025-10-01 00:00:00,21,29,13,7,"33,33%",14,2,3,3,"14,29%",0,0,0,"0,00%",0,0,0,"0,00%","0,00%"
2025-10-01 01:00:00,6,16,3,2,"33,33%",4,0,1,2,"16,67%",0,0,0,"0,00%",0,0,0,"0,00%","0,00%"
2025-10-01 02:00:00,8,10,6,5,"62,50%",2,1,1,1,"12,50%",0,0,0,"0,00%",0,0,0,"0,00%","0,00%"
2025-10-01 03:00:00,6,12,6,1,"16,67%",4,1,5,11,"83,33%",2,4,2,"33,33%",1,2,1,"16,67%","50,00%"
2025-10-01 04:00:00,3,3,3,3,"100,00%",1,0,0,0,"0,00%",0,0,0,"0,00%",0,0,0,"0,00%","0,00%"
2025-10-01 05:00:00,14,20,14,7,"50,00%",4,1,4,5,"28,57%",1,1,1,"7,14%",0,0,0,"0,00%","0,00%"
2025-10-01 06:00:00,22,34,10,7,"31,82%",5,2,4,9,"18,18%",0,0,0,"0,00%",0,0,0,"0,00%","0,00%"
2025-10-01 07:00:00,32,40,20,16,"50,00%",17,0,7,15,"21,88%",4,6,4,"12,50%",4,6,4,"12,50%","100,00%"
2025-10-01 08:00:00,38,72,25,18,"47,37%",17,3,11,15,"28,95%",1,1,1,"2,63%",1,1,1,"2,63%","100,00%"
2025-10-01 09:00:00,51,102,35,20,"39,22%",25,7,11,23,"21,57%",3,4,4,"5,88%",3,4,4,"5,88%","100,00%"
2025-10-01 10:00:00,53,94,29,23,"43,40%",32,9,10,21,"18,87%",1,2,1,"1,89%",1,2,1,"1,89%","100,00%"
2025-10-01 11:00:00,46,74,21,23,"50,00%",29,5,12,46,"26,09%",4,12,3,"8,70%",2,8,2,"4,35%","50,00%"
2025-10-01 12:00:00,61,119,34,17,"27,87%",29,11,14,20,"22,95%",1,1,1,"1,64%",1,1,1,"1,64%","100,00%"
2025-10-01 13:00:00,55,86,32,22,"40,00%",23,2,14,21,"25,45%",5,10,6,"9,09%",5,10,6,"9,09%","100,00%"
2025-10-01 14:00:00,58,102,41,20,"34,48%",29,3,11,13,"18,97%",3,3,3,"5,17%",3,3,3,"5,17%","100,00%"
2025-10-01 15:00:00,51,80,39,23,"45,10%",18,3,9,13,"17,65%",3,7,3,"5,88%",2,5,3,"3,92%","66,67%"
2025-10-01 16:00:00,48,104,38,24,"50,00%",21,7,13,16,"27,08%",2,5,4,"4,17%",2,5,4,"4,17%","100,00%"
2025-10-01 17:00:00,52,83,28,30,"57,69%",21,4,7,11,"13,46%",2,2,2,"3,85%",1,1,1,"1,92%","50,00%"
2025-10-01 18:00:00,59,114,29,27,"45,76%",23,8,11,32,"18,64%",2,8,2,"3,39%",2,8,2,"3,39%","100,00%"
2025-10-01 19:00:00,64,119,33,29,"45,31%",30,4,11,26,"17,19%",2,2,2,"3,12%",2,2,2,"3,12%","100,00%"
2025-10-01 20:00:00,56,91,31,24,"42,86%",30,6,13,20,"23,21%",3,22,3,"5,36%",3,22,3,"5,36%","100,00%"
2025-10-01 21:00:00,46,106,34,13,"28,26%",26,8,11,21,"23,91%",4,28,4,"8,70%",4,28,4,"8,70%","100,00%"
2025-10-01 22:00:00,49,104,35,16,"32,65%",29,9,13,24,"26,53%",3,5,3,"6,12%",3,5,3,"6,12%","100,00%"
2025-10-01 23:00:00,35,69,24,11,"31,43%",25,5,7,12,"20,00%",0,0,0,"0,00%",1,1,1,"2,86%","0,00%"
2025-10-02 00:00:00,20,35,19,8,"40,00%",9,1,5,5,"25,00%",2,2,2,"10,00%",2,2,2,"10,00%","100,00%"
2025-10-02 01:00:00,11,18,7,3,"27,27%",6,1,2,2,"18,18%",0,0,0,"0,00%",0,0,0,"0,00%","0,00%"
2025-10-02 02:00:00,6,8,6,2,"33,33%",3,0,0,0,"0,00%",0,0,0,"0,00%",0,0,0,"0,00%","0,00%"
2025-10-02 03:00:00,5,8,6,3,"60,00%",4,1,1,1,"20,00%",0,0,0,"0,00%",0,0,0,"0,00%","0,00%"
2025-10-02 04:00:00,8,12,7,4,"50,00%",5,0,0,0,"0,00%",1,1,1,"12,50%",1,1,1,"12,50%","100,00%"
2025-10-02 05:00:00,19,35,13,9,"47,37%",10,3,4,8,"21,05%",0,0,0,"0,00%",0,0,0,"0,00%","0,00%"
2025-10-02 06:00:00,25,34,13,14,"56,00%",8,1,1,1,"4,00%",0,0,0,"0,00%",0,0,0,"0,00%","0,00%"
2025-10-02 07:00:00,36,93,30,18,"50,00%",14,6,9,26,"25,00%",1,2,1,"2,78%",1,2,1,"2,78%","100,00%"
2025-10-02 08:00:00,53,96,28,31,"58,49%",27,3,9,15,"16,98%",1,1,1,"1,89%",1,1,1,"1,89%","100,00%"
2025-10-02 09:00:00,45,94,25,24,"53,33%",21,7,5,6,"11,11%",2,5,3,"4,44%",1,1,1,"2,22%","50,00%"
2025-10-02 10:00:00,47,87,30,16,"34,04%",22,10,9,16,"19,15%",1,4,1,"2,13%",1,4,1,"2,13%","100,00%"
2025-10-02 11:00:00,74,145,35,26,"35,14%",36,11,17,28,"22,97%",10,13,9,"13,51%",10,13,9,"13,51%","100,00%"
2025-10-02 12:00:00,46,64,34,24,"52,17%",18,3,8,12,"17,39%",0,0,0,"0,00%",0,0,0,"0,00%","0,00%"
2025-10-02 13:00:00,54,108,32,24,"44,44%",25,10,13,20,"24,07%",3,4,3,"5,56%",3,4,3,"5,56%","100,00%"
2025-10-02 14:00:00,51,88,29,19,"37,25%",29,4,11,19,"21,57%",2,2,2,"3,92%",2,2,2,"3,92%","100,00%"
2025-10-02 15:00:00,28,45,23,9,"32,14%",12,2,9,13,"32,14%",1,1,1,"3,57%",1,1,1,"3,57%","100,00%"
2025-10-02 16:00:00,42,72,25,17,"40,48%",19,1,8,24,"19,05%",2,16,5,"4,76%",2,16,5,"4,76%","100,00%"
2025-10-02 17:00:00,41,85,22,15,"36,59%",24,8,13,23,"31,71%",2,3,2,"4,88%",2,3,2,"4,88%","100,00%"
2025-10-02 18:00:00,64,149,42,18,"28,12%",38,7,16,24,"25,00%",2,3,2,"3,12%",2,3,2,"3,12%","100,00%"
2025-10-02 19:00:00,58,111,27,28,"48,28%",27,7,13,24,"22,41%",3,4,2,"5,17%",3,4,2,"5,17%","100,00%"
2025-10-02 20:00:00,54,97,38,18,"33,33%",34,4,15,43,"27,78%",2,2,2,"3,70%",3,6,4,"5,56%","150,00%"
2025-10-02 21:00:00,62,119,42,20,"32,26%",30,9,10,19,"16,13%",2,3,2,"3,23%",2,3,2,"3,23%","100,00%"
2025-10-02 22:00:00,36,93,44,9,"25,00%",19,3,11,33,"30,56%",2,2,2,"5,56%",2,2,2,"5,56%","100,00%"
2025-10-02 23:00:00,24,40,15,12,"50,00%",11,1,5,6,"20,83%",0,0,0,"0,00%",0,0,0,"0,00%","0,00%"
2025-10-03 00:00:00,10,31,15,5,"50,00%",6,2,2,4,"20,00%",2,5,2,"20,00%",2,5,2,"20,00%","100,00%"
2025-10-03 01:00:00,8,27,8,2,"25,00%",3,0,4,8,"50,00%",1,1,1,"12,50%",1,1,1,"12,50%","100,00%"
2025-10-03 02:00:00,8,12,7,6,"75,00%",3,1,0,0,"0,00%",0,0,0,"0,00%",0,0,0,"0,00%","0,00%"
2025-10-03 03:00:00,7,12,4,3,"42,86%",4,1,1,1,"14,29%",0,0,0,"0,00%",0,0,0,"0,00%","0,00%"
2025-10-03 04:00:00,7,18,6,3,"42,86%",2,1,1,1,"14,29%",0,0,0,"0,00%",0,0,0,"0,00%","0,00%"
2025-10-03 05:00:00,14,19,10,9,"64,29%",5,0,2,3,"14,29%",2,2,2,"14,29%",1,1,1,"7,14%","50,00%"
2025-10-03 06:00:00,27,41,13,21,"77,78%",7,7,3,28,"11,11%",0,0,0,"0,00%",0,0,0,"0,00%","0,00%"
2025-10-03 07:00:00,40,71,22,21,"52,50%",21,2,7,12,"17,50%",3,7,3,"7,50%",3,7,3,"7,50%","100,00%"
2025-10-03 08:00:00,34,75,24,16,"47,06%",15,6,12,35,"35,29%",2,3,2,"5,88%",2,3,2,"5,88%","100,00%"
2025-10-03 09:00:00,41,76,24,20,"48,78%",18,5,10,24,"24,39%",3,8,3,"7,32%",3,8,3,"7,32%","100,00%"
2025-10-03 10:00:00,42,80,24,18,"42,86%",19,5,8,12,"19,05%",0,0,0,"0,00%",0,0,0,"0,00%","0,00%"
2025-10-03 11:00:00,52,98,29,18,"34,62%",25,7,15,30,"28,85%",5,8,5,"9,62%",5,8,5,"9,62%","100,00%"
2025-10-03 12:00:00,53,94,33,24,"45,28%",25,3,9,21,"16,98%",3,7,3,"5,66%",3,7,3,"5,66%","100,00%"
2025-10-03 13:00:00,49,101,37,23,"46,94%",24,4,13,44,"26,53%",4,8,6,"8,16%",3,7,5,"6,12%","75,00%"
2025-10-03 14:00:00,40,62,23,18,"45,00%",18,7,8,10,"20,00%",0,0,0,"0,00%",0,0,0,"0,00%","0,00%"
2025-10-03 15:00:00,37,61,24,21,"56,76%",18,3,7,18,"18,92%",2,3,2,"5,41%",2,3,2,"5,41%","100,00%"
2025-10-03 16:00:00,47,75,30,17,"36,17%",26,3,13,18,"27,66%",2,5,3,"4,26%",2,5,3,"4,26%","100,00%"
2025-10-03 17:00:00,47,85,31,23,"48,94%",22,6,12,26,"25,53%",5,8,5,"10,64%",5,8,5,"10,64%","100,00%"
2025-10-03 18:00:00,64,140,37,23,"35,94%",39,10,13,71,"20,31%",0,0,0,"0,00%",0,0,0,"0,00%","0,00%"
2025-10-03 19:00:00,63,107,32,36,"57,14%",25,0,9,11,"14,29%",2,2,2,"3,17%",2,2,2,"3,17%","100,00%"
2025-10-03 20:00:00,51,152,49,22,"43,14%",25,15,11,20,"21,57%",5,10,2,"9,80%",5,10,2,"9,80%","100,00%"
2025-10-03 21:00:00,54,99,34,24,"44,44%",31,5,12,24,"22,22%",2,3,3,"3,70%",2,3,3,"3,70%","100,00%"
2025-10-03 22:00:00,49,91,33,18,"36,73%",30,5,15,22,"30,61%",3,8,4,"6,12%",3,8,4,"6,12%","100,00%"
2025-10-03 23:00:00,17,50,21,3,"17,65%",13,3,6,28,"35,29%",1,14,4,"5,88%",1,14,4,"5,88%","100,00%"
2025-10-04 00:00:00,15,32,14,8,"53,33%",5,3,6,8,"40,00%",1,1,1,"6,67%",1,1,1,"6,67%","100,00%"
2025-10-04 01:00:00,13,23,13,6,"46,15%",7,1,1,1,"7,69%",1,1,1,"7,69%",1,1,1,"7,69%","100,00%"
2025-10-04 02:00:00,9,12,7,3,"33,33%",4,0,3,3,"33,33%",1,1,1,"11,11%",1,1,1,"11,11%","100,00%"
2025-10-04 03:00:00,8,11,6,4,"50,00%",3,0,2,3,"25,00%",0,0,0,"0,00%",0,0,0,"0,00%","0,00%"
2025-10-04 04:00:00,6,8,6,2,"33,33%",3,1,1,1,"16,67%",1,1,1,"16,67%",1,1,1,"16,67%","100,00%"
2025-10-04 05:00:00,21,35,13,11,"52,38%",6,4,5,6,"23,81%",0,0,0,"0,00%",0,0,0,"0,00%","0,00%"
2025-10-04 06:00:00,36,59,19,15,"41,67%",15,1,6,17,"16,67%",1,3,1,"2,78%",1,3,1,"2,78%","100,00%"
2025-10-04 07:00:00,34,62,25,15,"44,12%",12,4,6,9,"17,65%",1,2,2,"2,94%",1,2,2,"2,94%","100,00%"
2025-10-04 08:00:00,40,76,24,19,"47,50%",18,1,8,27,"20,00%",1,1,1,"2,50%",1,1,1,"2,50%","100,00%"
2025-10-04 09:00:00,61,112,32,30,"49,18%",26,6,10,37,"16,39%",3,7,2,"4,92%",3,7,2,"4,92%","100,00%"
2025-10-04 10:00:00,51,99,36,22,"43,14%",29,4,13,27,"25,49%",4,6,4,"7,84%",4,6,4,"7,84%","100,00%"
2025-10-04 11:00:00,52,104,38,25,"48,08%",22,8,10,23,"19,23%",3,24,5,"5,77%",4,25,6,"7,69%","133,33%"
2025-10-04 12:00:00,52,112,33,26,"50,00%",24,7,8,18,"15,38%",1,1,1,"1,92%",1,1,1,"1,92%","100,00%"
2025-10-04 13:00:00,48,104,36,17,"35,42%",26,6,13,28,"27,08%",0,0,0,"0,00%",0,0,0,"0,00%","0,00%"
2025-10-04 14:00:00,45,73,25,18,"40,00%",26,2,5,6,"11,11%",3,4,3,"6,67%",3,4,3,"6,67%","100,00%"
2025-10-04 15:00:00,43,69,25,16,"37,21%",25,2,10,18,"23,26%",5,8,6,"11,63%",5,8,6,"11,63%","100,00%"
2025-10-04 16:00:00,39,89,32,15,"38,46%",24,2,5,10,"12,82%",1,1,1,"2,56%",1,1,1,"2,56%","100,00%"
2025-10-04 17:00:00,41,76,32,21,"51,22%",27,2,10,18,"24,39%",4,10,6,"9,76%",4,10,6,"9,76%","100,00%"
2025-10-04 18:00:00,33,57,19,14,"42,42%",16,2,5,7,"15,15%",0,0,0,"0,00%",0,0,0,"0,00%","0,00%"
2025-10-04 19:00:00,57,94,29,28,"49,12%",32,10,12,44,"21,05%",3,5,3,"5,26%",3,5,3,"5,26%","100,00%"
2025-10-04 20:00:00,47,86,31,22,"46,81%",26,3,7,39,"14,89%",2,21,2,"4,26%",2,21,2,"4,26%","100,00%"
2025-10-04 21:00:00,41,91,33,12,"29,27%",24,10,11,14,"26,83%",2,2,2,"4,88%",2,2,2,"4,88%","100,00%"
2025-10-04 22:00:00,23,40,16,8,"34,78%",9,3,6,11,"26,09%",1,1,1,"4,35%",1,1,1,"4,35%","100,00%"
2025-10-04 23:00:00,24,53,23,4,"16,67%",15,2,6,9,"25,00%",1,1,1,"4,17%",1,1,1,"4,17%","100,00%"
2025-10-05 00:00:00,13,26,10,4,"30,77%",8,1,5,8,"38,46%",0,0,0,"0,00%",0,0,0,"0,00%","0,00%"
2025-10-05 01:00:00,9,17,8,4,"44,44%",5,2,1,1,"11,11%",0,0,0,"0,00%",0,0,0,"0,00%","0,00%"
2025-10-05 02:00:00,2,2,2,1,"50,00%",1,0,0,0,"0,00%",0,0,0,"0,00%",0,0,0,"0,00%","0,00%"
2025-10-05 03:00:00,4,5,4,2,"50,00%",3,0,1,1,"25,00%",0,0,0,"0,00%",0,0,0,"0,00%","0,00%"
2025-10-05 04:00:00,8,13,8,2,"25,00%",4,1,1,2,"12,50%",0,0,0,"0,00%",0,0,0,"0,00%","0,00%"
2025-10-05 05:00:00,23,44,16,9,"39,13%",17,4,2,2,"8,70%",1,1,1,"4,35%",1,1,1,"4,35%","100,00%"
2025-10-05 06:00:00,34,45,18,16,"47,06%",18,1,4,5,"11,76%",1,1,1,"2,94%",1,1,1,"2,94%","100,00%"
2025-10-05 07:00:00,38,61,17,15,"39,47%",16,4,10,14,"26,32%",5,6,3,"13,16%",5,6,3,"13,16%","100,00%"
2025-10-05 08:00:00,29,46,16,12,"41,38%",8,2,5,6,"17,24%",0,0,0,"0,00%",0,0,0,"0,00%","0,00%"
2025-10-05 09:00:00,51,71,19,31,"60,78%",20,4,5,11,"9,80%",0,0,0,"0,00%",0,0,0,"0,00%","0,00%"
2025-10-05 10:00:00,42,56,18,26,"61,90%",18,0,7,14,"16,67%",1,1,1,"2,38%",1,1,1,"2,38%","100,00%"
2025-10-05 11:00:00,36,61,22,14,"38,89%",22,2,12,29,"33,33%",4,5,4,"11,11%",3,4,3,"8,33%","75,00%"
2025-10-05 12:00:00,40,69,24,11,"27,50%",22,3,8,16,"20,00%",1,1,1,"2,50%",1,1,1,"2,50%","100,00%"
2025-10-05 13:00:00,38,75,25,17,"44,74%",20,4,7,21,"18,42%",3,4,3,"7,89%",3,4,3,"7,89%","100,00%"
2025-10-05 14:00:00,35,55,25,13,"37,14%",15,4,5,9,"14,29%",1,1,1,"2,86%",1,1,1,"2,86%","100,00%"
2025-10-05 15:00:00,42,73,27,16,"38,10%",25,8,8,12,"19,05%",0,0,0,"0,00%",0,0,0,"0,00%","0,00%"
2025-10-05 16:00:00,36,70,26,15,"41,67%",18,7,8,26,"22,22%",4,19,5,"11,11%",4,19,5,"11,11%","100,00%"
2025-10-05 17:00:00,44,73,27,16,"36,36%",25,2,12,32,"27,27%",4,15,4,"9,09%",3,14,3,"6,82%","75,00%"
2025-10-05 18:00:00,58,131,34,21,"36,21%",32,2,17,68,"29,31%",7,13,7,"12,07%",7,13,7,"12,07%","100,00%"
2025-10-05 19:00:00,54,110,25,24,"44,44%",29,6,10,15,"18,52%",4,6,3,"7,41%",4,6,3,"7,41%","100,00%"
2025-10-05 20:00:00,47,72,22,27,"57,45%",19,2,9,13,"19,15%",1,1,1,"2,13%",1,1,1,"2,13%","100,00%"
2025-10-05 21:00:00,42,74,31,20,"47,62%",24,6,6,7,"14,29%",1,1,1,"2,38%",1,1,1,"2,38%","100,00%"
2025-10-05 22:00:00,32,68,22,8,"25,00%",19,1,12,28,"37,50%",0,0,0,"0,00%",0,0,0,"0,00%","0,00%"
2025-10-05 23:00:00,32,68,20,9,"28,12%",14,6,13,32,"40,62%",2,2,2,"6,25%",2,2,2,"6,25%","100,00%"
2025-10-06 00:00:00,7,13,7,1,"14,29%",2,0,0,0,"0,00%",0,0,0,"0,00%",0,0,0,"0,00%","0,00%"
2025-10-06 01:00:00,16,29,11,6,"37,50%",11,3,2,11,"12,50%",0,0,0,"0,00%",0,0,0,"0,00%","0,00%"
2025-10-06 02:00:00,5,8,5,1,"20,00%",2,2,2,6,"40,00%",2,7,2,"40,00%",2,7,2,"40,00%","100,00%"
2025-10-06 03:00:00,10,21,8,3,"30,00%",4,4,2,3,"20,00%",1,1,1,"10,00%",1,1,1,"10,00%","100,00%"
2025-10-06 04:00:00,9,18,9,6,"66,67%",4,0,2,2,"22,22%",0,0,0,"0,00%",0,0,0,"0,00%","0,00%"
2025-10-06 05:00:00,12,20,11,5,"41,67%",5,1,2,2,"16,67%",0,0,0,"0,00%",0,0,0,"0,00%","0,00%"
2025-10-06 06:00:00,25,34,15,15,"60,00%",15,1,4,7,"16,00%",0,0,0,"0,00%",0,0,0,"0,00%","0,00%"
2025-10-06 07:00:00,45,89,23,22,"48,89%",20,3,8,10,"17,78%",0,0,0,"0,00%",1,1,1,"2,22%","0,00%"
2025-10-06 08:00:00,55,90,29,25,"45,45%",25,4,12,30,"21,82%",2,3,2,"3,64%",2,3,2,"3,64%","100,00%"
2025-10-06 09:00:00,42,77,24,22,"52,38%",17,3,5,5,"11,90%",3,3,2,"7,14%",0,0,0,"0,00%","0,00%"
2025-10-06 10:00:00,40,66,28,19,"47,50%",21,3,7,36,"17,50%",1,2,1,"2,50%",4,5,3,"10,00%","400,00%"
2025-10-06 11:00:00,44,100,37,13,"29,55%",24,7,9,22,"20,45%",1,1,1,"2,27%",1,1,1,"2,27%","100,00%"
2025-10-06 12:00:00,49,99,35,16,"32,65%",23,2,15,31,"30,61%",4,4,4,"8,16%",4,4,4,"8,16%","100,00%"
2025-10-06 13:00:00,56,80,25,27,"48,21%",30,4,10,11,"17,86%",3,3,3,"5,36%",3,3,3,"5,36%","100,00%"
2025-10-06 14:00:00,50,83,27,15,"30,00%",25,5,14,25,"28,00%",4,11,5,"8,00%",4,11,5,"8,00%","100,00%"
2025-10-06 15:00:00,46,94,33,20,"43,48%",24,5,11,23,"23,91%",6,18,7,"13,04%",6,18,7,"13,04%","100,00%"
2025-10-06 16:00:00,46,89,31,14,"30,43%",18,9,14,46,"30,43%",4,5,3,"8,70%",4,5,3,"8,70%","100,00%"
2025-10-06 17:00:00,33,63,21,13,"39,39%",14,6,7,25,"21,21%",1,4,1,"3,03%",1,4,1,"3,03%","100,00%"
2025-10-06 18:00:00,52,86,34,25,"48,08%",24,4,12,23,"23,08%",5,8,6,"9,62%",5,8,6,"9,62%","100,00%"
2025-10-06 19:00:00,67,109,37,29,"43,28%",38,5,13,37,"19,40%",2,2,2,"2,99%",2,2,2,"2,99%","100,00%"
2025-10-06 20:00:00,44,95,25,15,"34,09%",23,6,9,16,"20,45%",2,3,2,"4,55%",2,3,2,"4,55%","100,00%"
2025-10-06 21:00:00,58,128,32,17,"29,31%",36,12,13,27,"22,41%",4,5,3,"6,90%",4,5,3,"6,90%","100,00%"
2025-10-06 22:00:00,36,75,25,6,"16,67%",16,8,11,16,"30,56%",3,3,3,"8,33%",3,3,3,"8,33%","100,00%"
2025-10-06 23:00:00,25,49,21,5,"20,00%",16,2,5,8,"20,00%",1,1,1,"4,00%",1,1,1,"4,00%","100,00%"
2025-10-07 00:00:00,14,19,10,6,"42,86%",13,2,1,2,"7,14%",0,0,0,"0,00%",0,0,0,"0,00%","0,00%"
2025-10-07 01:00:00,14,20,9,5,"35,71%",8,1,0,0,"0,00%",0,0,0,"0,00%",0,0,0,"0,00%","0,00%"
2025-10-07 02:00:00,7,9,6,2,"28,57%",5,1,0,0,"0,00%",0,0,0,"0,00%",0,0,0,"0,00%","0,00%"
2025-10-07 03:00:00,5,8,5,3,"60,00%",1,1,0,0,"0,00%",0,0,0,"0,00%",0,0,0,"0,00%","0,00%"
2025-10-07 04:00:00,6,7,4,3,"50,00%",1,0,2,5,"33,33%",0,0,0,"0,00%",0,0,0,"0,00%","0,00%"
2025-10-07 05:00:00,22,31,14,10,"45,45%",11,1,3,3,"13,64%",0,0,0,"0,00%",0,0,0,"0,00%","0,00%"
2025-10-07 06:00:00,21,38,16,8,"38,10%",11,3,5,7,"23,81%",0,0,0,"0,00%",0,0,0,"0,00%","0,00%"
2025-10-07 07:00:00,30,50,20,16,"53,33%",10,3,3,5,"10,00%",1,2,2,"3,33%",1,2,2,"3,33%","100,00%"
2025-10-07 08:00:00,47,100,41,16,"34,04%",22,6,10,18,"21,28%",2,3,2,"4,26%",2,3,2,"4,26%","100,00%"
2025-10-07 09:00:00,44,93,21,18,"40,91%",18,7,10,26,"22,73%",4,6,3,"9,09%",4,6,3,"9,09%","100,00%"
2025-10-07 10:00:00,43,81,36,20,"46,51%",25,4,7,11,"16,28%",2,2,2,"4,65%",2,2,2,"4,65%","100,00%"
2025-10-07 11:00:00,47,76,26,20,"42,55%",23,11,7,12,"14,89%",3,4,3,"6,38%",3,4,3,"6,38%","100,00%"
2025-10-07 12:00:00,38,60,22,18,"47,37%",22,5,7,24,"18,42%",3,10,4,"7,89%",3,10,4,"7,89%","100,00%"
2025-10-07 13:00:00,41,71,26,18,"43,90%",13,5,5,31,"12,20%",3,28,3,"7,32%",3,28,3,"7,32%","100,00%"
2025-10-07 14:00:00,37,61,20,14,"37,84%",19,8,7,14,"18,92%",2,5,2,"5,41%",2,5,2,"5,41%","100,00%"
2025-10-07 15:00:00,32,53,21,11,"34,38%",19,0,7,15,"21,88%",0,0,0,"0,00%",0,0,0,"0,00%","0,00%"
2025-10-07 16:00:00,38,67,23,18,"47,37%",14,3,6,36,"15,79%",2,6,2,"5,26%",2,6,2,"5,26%","100,00%"
2025-10-07 17:00:00,34,52,22,11,"32,35%",15,1,5,17,"14,71%",1,1,1,"2,94%",1,1,1,"2,94%","100,00%"
2025-10-07 18:00:00,48,84,34,14,"29,17%",36,6,9,24,"18,75%",2,3,3,"4,17%",2,3,3,"4,17%","100,00%"
2025-10-07 19:00:00,55,119,43,12,"21,82%",33,9,17,44,"30,91%",4,5,4,"7,27%",4,5,4,"7,27%","100,00%"
2025-10-07 20:00:00,46,76,28,21,"45,65%",24,4,7,8,"15,22%",0,0,0,"0,00%",0,0,0,"0,00%","0,00%"
2025-10-07 21:00:00,46,103,35,18,"39,13%",26,12,10,23,"21,74%",0,0,0,"0,00%",0,0,0,"0,00%","0,00%"
2025-10-07 22:00:00,45,104,32,15,"33,33%",33,8,7,9,"15,56%",4,5,4,"8,89%",4,5,4,"8,89%","100,00%"
2025-10-07 23:00:00,29,79,22,6,"20,69%",19,3,10,23,"34,48%",1,2,1,"3,45%",1,2,1,"3,45%","100,00%"
2025-10-08 00:00:00,8,8,5,2,"25,00%",7,0,0,0,"0,00%",0,0,0,"0,00%",0,0,0,"0,00%","0,00%"
2025-10-08 01:00:00,3,6,3,0,"0,00%",1,2,0,0,"0,00%",0,0,0,"0,00%",0,0,0,"0,00%","0,00%"
2025-10-08 02:00:00,7,10,6,4,"57,14%",4,0,1,1,"14,29%",0,0,0,"0,00%",0,0,0,"0,00%","0,00%"
2025-10-08 03:00:00,6,17,8,1,"16,67%",2,0,3,6,"50,00%",1,1,1,"16,67%",1,1,1,"16,67%","100,00%"
2025-10-08 04:00:00,14,26,11,5,"35,71%",7,3,2,4,"14,29%",0,0,0,"0,00%",0,0,0,"0,00%","0,00%"
2025-10-08 05:00:00,17,25,10,8,"47,06%",6,2,2,2,"11,76%",0,0,0,"0,00%",0,0,0,"0,00%","0,00%"
2025-10-08 06:00:00,29,54,18,11,"37,93%",4,4,5,12,"17,24%",0,0,0,"0,00%",0,0,0,"0,00%","0,00%"
2025-10-08 07:00:00,28,51,18,15,"53,57%",9,11,6,19,"21,43%",2,2,2,"7,14%",2,2,2,"7,14%","100,00%"
2025-10-08 08:00:00,38,70,25,14,"36,84%",17,4,9,14,"23,68%",3,3,2,"7,89%",3,3,2,"7,89%","100,00%"
2025-10-08 09:00:00,34,66,25,15,"44,12%",16,2,7,17,"20,59%",2,8,2,"5,88%",2,8,2,"5,88%","100,00%"
2025-10-08 10:00:00,48,100,37,23,"47,92%",20,5,10,21,"20,83%",1,2,1,"2,08%",1,2,1,"2,08%","100,00%"
2025-10-08 11:00:00,55,101,39,19,"34,55%",25,7,14,26,"25,45%",3,11,5,"5,45%",3,11,5,"5,45%","100,00%"
2025-10-08 12:00:00,50,82,28,21,"42,00%",27,9,10,16,"20,00%",2,2,2,"4,00%",2,2,2,"4,00%","100,00%"
2025-10-08 13:00:00,49,99,28,18,"36,73%",26,4,14,50,"28,57%",4,7,7,"8,16%",3,6,6,"6,12%","75,00%"
2025-10-08 14:00:00,56,86,25,29,"51,79%",22,4,7,17,"12,50%",3,25,5,"5,36%",3,25,5,"5,36%","100,00%"
2025-10-08 15:00:00,31,69,23,9,"29,03%",13,13,8,14,"25,81%",1,8,1,"3,23%",1,8,1,"3,23%","100,00%"
2025-10-08 16:00:00,37,63,22,13,"35,14%",21,3,6,17,"16,22%",0,0,0,"0,00%",0,0,0,"0,00%","0,00%"
2025-10-08 17:00:00,48,90,27,16,"33,33%",23,9,13,20,"27,08%",5,7,5,"10,42%",5,7,5,"10,42%","100,00%"
2025-10-08 18:00:00,44,82,30,13,"29,55%",23,2,9,15,"20,45%",1,1,1,"2,27%",1,1,1,"2,27%","100,00%"
2025-10-08 19:00:00,41,73,32,14,"34,15%",20,3,3,23,"7,32%",1,20,1,"2,44%",1,20,1,"2,44%","100,00%"
2025-10-08 20:00:00,59,124,36,24,"40,68%",36,9,15,37,"25,42%",7,10,6,"11,86%",7,10,6,"11,86%","100,00%"
2025-10-08 21:00:00,51,85,33,19,"37,25%",27,5,13,22,"25,49%",4,8,6,"7,84%",4,8,6,"7,84%","100,00%"
2025-10-08 22:00:00,32,61,20,11,"34,38%",21,6,5,6,"15,62%",0,0,0,"0,00%",0,0,0,"0,00%","0,00%"
2025-10-08 23:00:00,18,31,14,9,"50,00%",12,3,3,4,"16,67%",0,0,0,"0,00%",0,0,0,"0,00%","0,00%"
2025-10-09 00:00:00,19,47,23,7,"36,84%",8,1,3,7,"15,79%",1,4,0,"5,26%",1,4,0,"5,26%","100,00%"
2025-10-09 01:00:00,10,19,12,6,"60,00%",4,1,2,5,"20,00%",1,1,0,"10,00%",1,1,0,"10,00%","100,00%"
2025-10-09 02:00:00,4,7,3,2,"50,00%",2,1,0,0,"0,00%",0,0,0,"0,00%",0,0,0,"0,00%","0,00%"
2025-10-09 03:00:00,8,15,7,5,"62,50%",5,1,1,2,"12,50%",0,0,0,"0,00%",0,0,0,"0,00%","0,00%"
2025-10-09 04:00:00,7,20,8,4,"57,14%",3,3,1,2,"14,29%",0,0,0,"0,00%",0,0,0,"0,00%","0,00%"
2025-10-09 05:00:00,20,26,15,9,"45,00%",11,1,3,3,"15,00%",2,2,0,"10,00%",2,2,0,"10,00%","100,00%"
2025-10-09 06:00:00,15,42,13,3,"20,00%",5,6,5,6,"33,33%",0,0,0,"0,00%",0,0,0,"0,00%","0,00%"
2025-10-09 07:00:00,15,33,10,2,"13,33%",10,1,6,9,"40,00%",3,4,0,"20,00%",3,4,0,"20,00%","100,00%"
2025-10-09 08:00:00,28,47,23,13,"46,43%",10,1,9,16,"32,14%",2,2,0,"7,14%",2,2,0,"7,14%","100,00%"
2025-10-09 09:00:00,46,122,42,14,"30,43%",23,3,16,61,"34,78%",4,6,0,"8,70%",4,6,0,"8,70%","100,00%"
2025-10-09 10:00:00,42,68,26,20,"47,62%",20,2,9,63,"21,43%",3,14,0,"7,14%",2,13,0,"4,76%","66,67%"
2025-10-09 11:00:00,39,66,21,12,"30,77%",23,5,7,39,"17,95%",5,21,0,"12,82%",5,21,0,"12,82%","100,00%"
2025-10-09 12:00:00,39,66,27,17,"43,59%",25,4,6,21,"15,38%",0,0,0,"0,00%",0,0,0,"0,00%","0,00%"
2025-10-09 13:00:00,45,76,29,24,"53,33%",24,5,7,18,"15,56%",0,0,0,"0,00%",0,0,0,"0,00%","0,00%"
2025-10-09 14:00:00,37,74,27,13,"35,14%",20,8,13,33,"35,14%",2,8,0,"5,41%",2,8,0,"5,41%","100,00%"
2025-10-09 15:00:00,50,90,31,17,"34,00%",30,5,8,11,"16,00%",3,4,0,"6,00%",3,4,0,"6,00%","100,00%"
2025-10-09 16:00:00,36,54,26,16,"44,44%",22,1,7,10,"19,44%",0,0,0,"0,00%",0,0,0,"0,00%","0,00%"
2025-10-09 17:00:00,44,82,25,19,"43,18%",30,8,5,7,"11,36%",2,7,0,"4,55%",2,7,0,"4,55%","100,00%"
2025-10-09 18:00:00,59,114,33,26,"44,07%",25,6,13,27,"22,03%",2,3,0,"3,39%",2,3,0,"3,39%","100,00%"
2025-10-09 19:00:00,54,102,31,23,"42,59%",36,7,11,23,"20,37%",2,4,0,"3,70%",2,4,0,"3,70%","100,00%"
2025-10-09 20:00:00,47,98,26,17,"36,17%",26,10,12,25,"25,53%",2,8,0,"4,26%",2,8,0,"4,26%","100,00%"
2025-10-09 21:00:00,53,109,32,23,"43,40%",33,11,8,13,"15,09%",1,2,0,"1,89%",1,2,0,"1,89%","100,00%"
2025-10-09 22:00:00,49,82,36,19,"38,78%",22,5,9,42,"18,37%",1,2,0,"2,04%",1,2,0,"2,04%","100,00%"
2025-10-09 23:00:00,26,45,18,9,"34,62%",19,7,2,4,"7,69%",0,0,0,"0,00%",0,0,0,"0,00%","0,00%"
2025-10-10 00:00:00,17,31,11,5,"29,41%",9,7,3,4,"17,65%",2,2,2,"11,76%",2,2,2,"11,76%","100,00%"
2025-10-10 01:00:00,16,32,16,10,"62,50%",7,2,3,4,"18,75%",0,0,0,"0,00%",0,0,0,"0,00%","0,00%"
2025-10-10 02:00:00,8,11,9,3,"37,50%",4,1,3,5,"37,50%",1,1,1,"12,50%",1,1,1,"12,50%","100,00%"
2025-10-10 03:00:00,11,29,14,3,"27,27%",6,2,3,5,"27,27%",2,5,4,"18,18%",2,5,4,"18,18%","100,00%"
2025-10-10 04:00:00,8,14,10,3,"37,50%",3,1,3,4,"37,50%",0,0,0,"0,00%",0,0,0,"0,00%","0,00%"
2025-10-10 05:00:00,15,21,8,6,"40,00%",4,1,2,2,"13,33%",0,0,0,"0,00%",0,0,0,"0,00%","0,00%"
2025-10-10 06:00:00,25,96,49,13,"52,00%",10,7,8,34,"32,00%",2,4,3,"8,00%",2,4,3,"8,00%","100,00%"
2025-10-10 07:00:00,36,59,22,11,"30,56%",17,6,10,16,"27,78%",4,8,5,"11,11%",4,8,5,"11,11%","100,00%"
2025-10-10 08:00:00,45,68,24,20,"44,44%",15,5,8,14,"17,78%",2,2,2,"4,44%",2,2,2,"4,44%","100,00%"
2025-10-10 09:00:00,37,66,23,16,"43,24%",15,4,8,14,"21,62%",1,2,1,"2,70%",1,2,1,"2,70%","100,00%"
2025-10-10 10:00:00,31,59,23,13,"41,94%",17,1,6,19,"19,35%",3,6,3,"9,68%",3,6,3,"9,68%","100,00%"
2025-10-10 11:00:00,60,95,29,23,"38,33%",29,6,10,20,"16,67%",2,2,2,"3,33%",2,2,2,"3,33%","100,00%"
2025-10-10 12:00:00,30,48,17,12,"40,00%",16,4,8,25,"26,67%",2,3,2,"6,67%",2,3,2,"6,67%","100,00%"
2025-10-10 13:00:00,46,91,31,17,"36,96%",25,9,19,50,"41,30%",7,15,5,"15,22%",7,15,5,"15,22%","100,00%"
2025-10-10 14:00:00,45,67,35,22,"48,89%",24,4,9,51,"20,00%",2,41,2,"4,44%",1,30,1,"2,22%","50,00%"
2025-10-10 15:00:00,35,60,26,14,"40,00%",16,5,9,18,"25,71%",3,5,3,"8,57%",3,5,3,"8,57%","100,00%"
2025-10-10 16:00:00,31,63,25,13,"41,94%",17,2,9,20,"29,03%",1,1,1,"3,23%",1,1,1,"3,23%","100,00%"
2025-10-10 17:00:00,45,160,61,19,"42,22%",24,10,6,11,"13,33%",1,2,1,"2,22%",1,2,1,"2,22%","100,00%"
2025-10-10 18:00:00,52,95,32,22,"42,31%",23,9,10,15,"19,23%",1,1,1,"1,92%",1,1,1,"1,92%","100,00%"
2025-10-10 19:00:00,49,87,32,22,"44,90%",30,6,7,7,"14,29%",2,2,2,"4,08%",2,2,2,"4,08%","100,00%"
2025-10-10 20:00:00,47,93,30,11,"23,40%",30,6,12,35,"25,53%",2,3,2,"4,26%",2,3,2,"4,26%","100,00%"
2025-10-10 21:00:00,38,57,26,16,"42,11%",25,4,3,4,"7,89%",0,0,0,"0,00%",0,0,0,"0,00%","0,00%"
2025-10-10 22:00:00,34,77,28,11,"32,35%",24,11,9,12,"26,47%",2,4,2,"5,88%",2,4,2,"5,88%","100,00%"
2025-10-10 23:00:00,21,56,20,5,"23,81%",9,2,4,11,"19,05%",1,1,1,"4,76%",1,1,1,"4,76%","100,00%"
2025-10-11 00:00:00,14,33,14,4,"28,57%",8,2,8,9,"57,14%",1,1,1,"7,14%",1,1,1,"7,14%","100,00%"
2025-10-11 01:00:00,8,12,6,3,"37,50%",6,0,1,1,"12,50%",0,0,0,"0,00%",0,0,0,"0,00%","0,00%"
2025-10-11 02:00:00,8,11,7,4,"50,00%",3,0,1,2,"12,50%",0,0,0,"0,00%",0,0,0,"0,00%","0,00%"
2025-10-11 03:00:00,6,17,6,2,"33,33%",3,2,1,1,"16,67%",0,0,0,"0,00%",0,0,0,"0,00%","0,00%"
2025-10-11 04:00:00,9,18,10,4,"44,44%",3,2,4,8,"44,44%",1,2,1,"11,11%",1,2,1,"11,11%","100,00%"
2025-10-11 05:00:00,16,42,14,5,"31,25%",4,3,4,8,"25,00%",0,0,0,"0,00%",0,0,0,"0,00%","0,00%"
2025-10-11 06:00:00,22,42,22,11,"50,00%",12,2,6,11,"27,27%",3,3,3,"13,64%",3,3,3,"13,64%","100,00%"
2025-10-11 07:00:00,25,41,18,9,"36,00%",10,0,7,25,"28,00%",0,0,0,"0,00%",0,0,0,"0,00%","0,00%"
2025-10-11 08:00:00,29,44,20,10,"34,48%",13,4,5,10,"17,24%",2,2,2,"6,90%",2,2,2,"6,90%","100,00%"
2025-10-11 09:00:00,40,100,31,15,"37,50%",20,6,9,11,"22,50%",2,2,2,"5,00%",2,2,2,"5,00%","100,00%"
2025-10-11 10:00:00,40,75,31,20,"50,00%",19,10,9,24,"22,50%",3,4,4,"7,50%",3,4,4,"7,50%","100,00%"
2025-10-11 11:00:00,44,98,33,16,"36,36%",17,10,10,27,"22,73%",1,5,2,"2,27%",1,5,2,"2,27%","100,00%"
2025-10-11 12:00:00,32,69,28,12,"37,50%",17,3,8,10,"25,00%",2,2,1,"6,25%",2,2,1,"6,25%","100,00%"
2025-10-11 13:00:00,36,51,29,22,"61,11%",19,0,2,5,"5,56%",0,0,0,"0,00%",0,0,0,"0,00%","0,00%"
2025-10-11 14:00:00,41,64,30,19,"46,34%",23,3,9,14,"21,95%",1,1,1,"2,44%",1,1,1,"2,44%","100,00%"
2025-10-11 15:00:00,41,63,28,19,"46,34%",19,1,6,9,"14,63%",1,1,1,"2,44%",1,1,1,"2,44%","100,00%"
2025-10-11 16:00:00,20,30,13,8,"40,00%",11,1,6,11,"30,00%",4,24,3,"20,00%",4,24,3,"20,00%","100,00%"
2025-10-11 17:00:00,31,53,22,10,"32,26%",15,5,7,11,"22,58%",3,3,3,"9,68%",2,2,2,"6,45%","66,67%"
2025-10-11 18:00:00,43,55,27,25,"58,14%",22,1,3,4,"6,98%",1,2,1,"2,33%",1,2,1,"2,33%","100,00%"
2025-10-11 19:00:00,44,75,26,21,"47,73%",29,9,5,20,"11,36%",1,1,1,"2,27%",1,1,1,"2,27%","100,00%"
2025-10-11 20:00:00,38,79,26,13,"34,21%",23,5,11,32,"28,95%",3,12,5,"7,89%",3,12,5,"7,89%","100,00%"
2025-10-11 21:00:00,44,113,39,12,"27,27%",28,8,13,26,"29,55%",3,7,5,"6,82%",3,6,5,"6,82%","100,00%"
2025-10-11 22:00:00,37,73,26,14,"37,84%",27,5,6,14,"16,22%",1,1,1,"2,70%",1,1,1,"2,70%","100,00%"
2025-10-11 23:00:00,19,32,11,9,"47,37%",6,3,3,4,"15,79%",1,3,1,"5,26%",1,3,1,"5,26%","100,00%"
2025-10-12 00:00:00,11,29,13,4,"36,36%",5,0,5,9,"45,45%",1,1,1,"9,09%",1,1,1,"9,09%","100,00%"
2025-10-12 01:00:00,15,33,17,3,"20,00%",8,2,4,12,"26,67%",0,0,0,"0,00%",0,0,0,"0,00%","0,00%"
2025-10-12 02:00:00,9,15,7,2,"22,22%",5,1,1,1,"11,11%",1,1,1,"11,11%",1,1,1,"11,11%","100,00%"
2025-10-12 03:00:00,6,8,4,3,"50,00%",1,0,0,0,"0,00%",0,0,0,"0,00%",0,0,0,"0,00%","0,00%"
2025-10-12 04:00:00,10,22,12,4,"40,00%",4,1,2,3,"20,00%",0,0,0,"0,00%",0,0,0,"0,00%","0,00%"
2025-10-12 05:00:00,18,29,10,6,"33,33%",8,4,6,11,"33,33%",1,1,1,"5,56%",1,1,1,"5,56%","100,00%"
2025-10-12 06:00:00,27,51,21,12,"44,44%",6,1,1,1,"3,70%",0,0,0,"0,00%",0,0,0,"0,00%","0,00%"
2025-10-12 07:00:00,15,34,16,7,"46,67%",5,3,5,10,"33,33%",2,2,2,"13,33%",2,2,2,"13,33%","100,00%"
2025-10-12 08:00:00,26,53,18,15,"57,69%",15,1,5,6,"19,23%",0,0,0,"0,00%",0,0,0,"0,00%","0,00%"
2025-10-12 09:00:00,38,54,20,24,"63,16%",15,2,3,12,"7,89%",1,1,1,"2,63%",1,1,1,"2,63%","100,00%"
2025-10-12 10:00:00,32,52,25,9,"28,12%",16,2,7,10,"21,88%",2,2,2,"6,25%",2,2,2,"6,25%","100,00%"
2025-10-12 11:00:00,38,77,29,12,"31,58%",26,6,8,12,"21,05%",2,2,1,"5,26%",2,2,1,"5,26%","100,00%"
2025-10-12 12:00:00,40,66,19,16,"40,00%",22,6,8,15,"20,00%",3,3,3,"7,50%",3,3,3,"7,50%","100,00%"
2025-10-12 13:00:00,38,74,22,11,"28,95%",21,8,13,22,"34,21%",5,9,3,"13,16%",5,9,3,"13,16%","100,00%"
2025-10-12 14:00:00,37,73,24,12,"32,43%",17,8,5,8,"13,51%",1,1,1,"2,70%",1,1,1,"2,70%","100,00%"
2025-10-12 15:00:00,33,76,26,12,"36,36%",14,3,10,18,"30,30%",0,0,0,"0,00%",0,0,0,"0,00%","0,00%"
2025-10-12 16:00:00,39,69,30,14,"35,90%",22,3,6,8,"15,38%",3,3,2,"7,69%",3,3,2,"7,69%","100,00%"
2025-10-12 17:00:00,35,68,23,14,"40,00%",20,4,11,24,"31,43%",3,5,2,"8,57%",3,5,2,"8,57%","100,00%"
2025-10-12 18:00:00,49,86,29,17,"34,69%",34,4,9,18,"18,37%",4,9,4,"8,16%",4,9,4,"8,16%","100,00%"
2025-10-12 19:00:00,49,92,33,16,"32,65%",35,8,5,7,"10,20%",0,0,0,"0,00%",0,0,0,"0,00%","0,00%"
2025-10-12 20:00:00,40,70,25,16,"40,00%",26,7,15,27,"37,50%",7,11,5,"17,50%",7,11,5,"17,50%","100,00%"
2025-10-12 21:00:00,33,52,30,15,"45,45%",17,3,8,10,"24,24%",2,3,2,"6,06%",1,2,1,"3,03%","50,00%"
2025-10-12 22:00:00,25,38,22,8,"32,00%",16,3,7,9,"28,00%",0,0,0,"0,00%",0,0,0,"0,00%","0,00%"
2025-10-12 23:00:00,14,21,14,5,"35,71%",10,0,0,0,"0,00%",0,0,0,"0,00%",0,0,0,"0,00%","0,00%"
2025-10-13 00:00:00,8,14,9,3,"37,50%",6,1,3,3,"37,50%",0,0,0,"0,00%",0,0,0,"0,00%","0,00%"
2025-10-13 01:00:00,8,27,10,3,"37,50%",5,1,0,0,"0,00%",0,0,0,"0,00%",0,0,0,"0,00%","0,00%"
2025-10-13 02:00:00,2,2,2,2,"100,00%",1,0,0,0,"0,00%",0,0,0,"0,00%",0,0,0,"0,00%","0,00%"
2025-10-13 03:00:00,6,13,8,0,"0,00%",3,2,2,3,"33,33%",0,0,0,"0,00%",0,0,0,"0,00%","0,00%"
2025-10-13 04:00:00,4,6,4,1,"25,00%",0,0,0,0,"0,00%",0,0,0,"0,00%",0,0,0,"0,00%","0,00%"
2025-10-13 05:00:00,14,33,13,4,"28,57%",7,1,5,16,"35,71%",0,0,0,"0,00%",0,0,0,"0,00%","0,00%"
2025-10-13 06:00:00,17,36,16,7,"41,18%",9,1,3,4,"17,65%",3,3,0,"17,65%",3,3,0,"17,65%","100,00%"
2025-10-13 07:00:00,19,35,19,6,"31,58%",12,5,3,5,"15,79%",0,0,0,"0,00%",0,0,0,"0,00%","0,00%"
2025-10-13 08:00:00,14,35,19,6,"42,86%",10,0,3,3,"21,43%",1,3,0,"7,14%",1,3,0,"7,14%","100,00%"
2025-10-13 09:00:00,36,66,28,7,"19,44%",23,5,13,25,"36,11%",5,11,0,"13,89%",5,11,0,"13,89%","100,00%"
2025-10-13 10:00:00,28,53,24,14,"50,00%",13,5,2,6,"7,14%",2,5,0,"7,14%",2,5,0,"7,14%","100,00%"
2025-10-13 11:00:00,47,88,30,18,"38,30%",18,8,12,22,"25,53%",4,8,0,"8,51%",4,8,0,"8,51%","100,00%"
2025-10-13 12:00:00,41,77,24,18,"43,90%",17,2,11,22,"26,83%",3,5,0,"7,32%",3,5,0,"7,32%","100,00%"
2025-10-13 13:00:00,55,108,42,21,"38,18%",32,5,13,60,"23,64%",2,9,0,"3,64%",2,9,0,"3,64%","100,00%"
2025-10-13 14:00:00,36,57,27,15,"41,67%",22,1,9,18,"25,00%",4,13,0,"11,11%",4,13,0,"11,11%","100,00%"
2025-10-13 15:00:00,38,80,23,16,"42,11%",21,4,4,15,"10,53%",1,2,0,"2,63%",1,2,0,"2,63%","100,00%"
2025-10-13 16:00:00,25,43,19,7,"28,00%",16,5,4,8,"16,00%",2,4,0,"8,00%",2,4,0,"8,00%","100,00%"
2025-10-13 17:00:00,31,101,30,12,"38,71%",19,6,8,43,"25,81%",2,3,0,"6,45%",1,1,0,"3,23%","50,00%"
2025-10-13 18:00:00,47,82,34,24,"51,06%",19,3,9,25,"19,15%",1,2,0,"2,13%",1,2,0,"2,13%","100,00%"
2025-10-13 19:00:00,58,137,47,25,"43,10%",28,6,15,39,"25,86%",1,1,0,"1,72%",1,1,0,"1,72%","100,00%"
2025-10-13 20:00:00,53,82,33,29,"54,72%",29,6,8,14,"15,09%",3,4,0,"5,66%",3,4,0,"5,66%","100,00%"
2025-10-13 21:00:00,51,96,33,17,"33,33%",26,6,7,9,"13,73%",1,1,0,"1,96%",1,1,0,"1,96%","100,00%"
2025-10-13 22:00:00,40,103,41,11,"27,50%",24,6,9,17,"22,50%",1,2,0,"2,50%",1,2,0,"2,50%","100,00%"
2025-10-13 23:00:00,19,30,14,9,"47,37%",7,1,3,4,"15,79%",2,8,0,"10,53%",2,8,0,"10,53%","100,00%"
2025-10-14 00:00:00,14,52,31,2,"14,29%",7,4,4,8,"28,57%",0,0,0,"0,00%",0,0,0,"0,00%","0,00%"
2025-10-14 01:00:00,12,32,15,4,"33,33%",5,2,3,3,"25,00%",0,0,0,"0,00%",0,0,0,"0,00%","0,00%"
2025-10-14 02:00:00,5,12,5,1,"20,00%",1,0,1,6,"20,00%",0,0,0,"0,00%",0,0,0,"0,00%","0,00%"
2025-10-14 03:00:00,6,17,8,4,"66,67%",2,0,0,0,"0,00%",0,0,0,"0,00%",0,0,0,"0,00%","0,00%"
2025-10-14 04:00:00,6,10,4,3,"50,00%",0,1,1,1,"16,67%",0,0,0,"0,00%",0,0,0,"0,00%","0,00%"
2025-10-14 05:00:00,15,22,11,8,"53,33%",7,0,2,2,"13,33%",0,0,0,"0,00%",0,0,0,"0,00%","0,00%"
2025-10-14 06:00:00,19,34,14,10,"52,63%",8,0,2,2,"10,53%",0,0,0,"0,00%",0,0,0,"0,00%","0,00%"
2025-10-14 07:00:00,27,68,22,11,"40,74%",9,2,9,18,"33,33%",1,1,1,"3,70%",1,1,1,"3,70%","100,00%"
2025-10-14 08:00:00,37,63,22,14,"37,84%",17,3,11,16,"29,73%",3,4,3,"8,11%",3,4,3,"8,11%","100,00%"
2025-10-14 09:00:00,42,73,30,21,"50,00%",15,1,6,17,"14,29%",2,3,2,"4,76%",2,3,2,"4,76%","100,00%"
2025-10-14 10:00:00,34,61,23,12,"35,29%",16,6,9,13,"26,47%",1,1,1,"2,94%",1,1,1,"2,94%","100,00%"
2025-10-14 11:00:00,37,77,29,17,"45,95%",16,5,6,11,"16,22%",0,0,0,"0,00%",0,0,0,"0,00%","0,00%"
2025-10-14 12:00:00,44,96,29,21,"47,73%",18,7,8,14,"18,18%",2,21,2,"4,55%",2,21,2,"4,55%","100,00%"
2025-10-14 13:00:00,35,66,24,12,"34,29%",15,5,9,9,"25,71%",1,1,1,"2,86%",1,1,1,"2,86%","100,00%"
2025-10-14 14:00:00,40,76,27,19,"47,50%",13,5,7,13,"17,50%",1,1,1,"2,50%",2,3,2,"5,00%","200,00%"
2025-10-14 15:00:00,34,76,36,13,"38,24%",14,5,9,22,"26,47%",3,5,3,"8,82%",3,5,3,"8,82%","100,00%"
2025-10-14 16:00:00,33,72,27,10,"30,30%",17,1,9,12,"27,27%",2,3,2,"6,06%",1,1,1,"3,03%","50,00%"
2025-10-14 17:00:00,54,103,31,24,"44,44%",26,10,5,6,"9,26%",0,0,0,"0,00%",0,0,0,"0,00%","0,00%"
2025-10-14 18:00:00,49,77,26,25,"51,02%",25,3,10,13,"20,41%",3,3,3,"6,12%",2,2,2,"4,08%","66,67%"
2025-10-14 19:00:00,51,69,25,28,"54,90%",25,3,7,11,"13,73%",5,5,4,"9,80%",5,5,4,"9,80%","100,00%"
2025-10-14 20:00:00,53,94,27,21,"39,62%",25,3,10,28,"18,87%",2,5,1,"3,77%",2,5,1,"3,77%","100,00%"
2025-10-14 21:00:00,59,116,39,20,"33,90%",36,4,10,34,"16,95%",2,2,1,"3,39%",2,2,1,"3,39%","100,00%"
2025-10-14 22:00:00,15,23,15,7,"46,67%",8,2,2,3,"13,33%",0,0,0,"0,00%",0,0,0,"0,00%","0,00%"
2025-10-14 23:00:00,20,38,20,9,"45,00%",10,2,2,3,"10,00%",0,0,0,"0,00%",0,0,0,"0,00%","0,00%"
2025-10-15 00:00:00,11,25,12,6,"54,55%",6,3,4,7,"36,36%",0,0,0,"0,00%",0,0,0,"0,00%","0,00%"
2025-10-15 01:00:00,7,11,8,2,"28,57%",3,0,0,0,"0,00%",0,0,0,"0,00%",0,0,0,"0,00%","0,00%"
2025-10-15 02:00:00,2,4,2,0,"0,00%",1,0,1,2,"50,00%",0,0,0,"0,00%",0,0,0,"0,00%","0,00%"
2025-10-15 03:00:00,6,7,7,4,"66,67%",2,0,0,0,"0,00%",0,0,0,"0,00%",0,0,0,"0,00%","0,00%"
2025-10-15 04:00:00,7,10,7,4,"57,14%",3,0,1,1,"14,29%",0,0,0,"0,00%",0,0,0,"0,00%","0,00%"
2025-10-15 05:00:00,11,17,11,4,"36,36%",6,2,2,3,"18,18%",1,1,0,"9,09%",1,1,0,"9,09%","100,00%"
2025-10-15 06:00:00,21,32,13,11,"52,38%",10,3,2,2,"9,52%",0,0,0,"0,00%",0,0,0,"0,00%","0,00%"
2025-10-15 07:00:00,31,47,19,19,"61,29%",13,3,3,3,"9,68%",1,3,0,"3,23%",1,3,0,"3,23%","100,00%"
2025-10-15 08:00:00,20,29,16,11,"55,00%",9,1,3,3,"15,00%",0,0,0,"0,00%",0,0,0,"0,00%","0,00%"
2025-10-15 09:00:00,41,73,28,16,"39,02%",12,3,10,21,"24,39%",2,2,0,"4,88%",2,2,0,"4,88%","100,00%"
2025-10-15 10:00:00,39,54,20,15,"38,46%",13,0,6,9,"15,38%",2,2,0,"5,13%",2,2,0,"5,13%","100,00%"
2025-10-15 11:00:00,34,63,23,15,"44,12%",19,4,8,9,"23,53%",0,0,0,"0,00%",0,0,0,"0,00%","0,00%"
2025-10-15 12:00:00,35,56,26,15,"42,86%",17,3,6,8,"17,14%",0,0,0,"0,00%",0,0,0,"0,00%","0,00%"
2025-10-15 13:00:00,42,79,28,20,"47,62%",21,6,11,15,"26,19%",2,3,0,"4,76%",2,3,0,"4,76%","100,00%"
2025-10-15 14:00:00,40,49,18,21,"52,50%",13,2,8,26,"20,00%",1,1,0,"2,50%",2,3,0,"5,00%","200,00%"
2025-10-15 15:00:00,28,54,21,9,"32,14%",12,3,7,55,"25,00%",1,1,0,"3,57%",1,1,0,"3,57%","100,00%"
2025-10-15 16:00:00,30,60,21,13,"43,33%",14,5,6,7,"20,00%",0,0,0,"0,00%",0,0,0,"0,00%","0,00%"
2025-10-15 17:00:00,33,73,23,11,"33,33%",11,3,9,16,"27,27%",1,1,0,"3,03%",1,1,0,"3,03%","100,00%"
2025-10-15 18:00:00,42,74,25,15,"35,71%",14,5,10,17,"23,81%",3,5,0,"7,14%",3,5,0,"7,14%","100,00%"
2025-10-15 19:00:00,48,104,41,17,"35,42%",29,8,13,42,"27,08%",1,3,0,"2,08%",1,3,0,"2,08%","100,00%"
2025-10-15 20:00:00,63,116,44,23,"36,51%",37,3,16,27,"25,40%",2,4,0,"3,17%",2,4,0,"3,17%","100,00%"
2025-10-15 21:00:00,39,105,38,17,"43,59%",21,5,10,16,"25,64%",3,5,0,"7,69%",3,5,0,"7,69%","100,00%"
2025-10-15 22:00:00,32,69,18,13,"40,62%",15,4,7,12,"21,88%",1,1,0,"3,12%",1,1,0,"3,12%","100,00%"
2025-10-15 23:00:00,25,81,31,10,"40,00%",12,4,4,20,"16,00%",3,6,0,"12,00%",3,6,0,"12,00%","100,00%"
2025-10-16 00:00:00,6,12,9,1,"16,67%",1,0,2,6,"33,33%",0,0,0,"0,00%",0,0,0,"0,00%","0,00%"
2025-10-16 01:00:00,4,4,3,2,"50,00%",2,0,1,1,"25,00%",0,0,0,"0,00%",0,0,0,"0,00%","0,00%"
2025-10-16 02:00:00,8,12,7,5,"62,50%",5,2,1,2,"12,50%",0,0,0,"0,00%",0,0,0,"0,00%","0,00%"
2025-10-16 03:00:00,8,15,5,2,"25,00%",5,0,2,2,"25,00%",0,0,0,"0,00%",0,0,0,"0,00%","0,00%"
2025-10-16 04:00:00,2,4,2,1,"50,00%",2,0,2,2,"100,00%",0,0,0,"0,00%",0,0,0,"0,00%","0,00%"
2025-10-16 05:00:00,11,20,15,6,"54,55%",7,0,5,8,"45,45%",0,0,0,"0,00%",0,0,0,"0,00%","0,00%"
2025-10-16 06:00:00,13,17,9,6,"46,15%",6,2,0,0,"0,00%",0,0,0,"0,00%",0,0,0,"0,00%","0,00%"
2025-10-16 07:00:00,32,54,28,17,"53,12%",15,1,4,11,"12,50%",0,0,0,"0,00%",0,0,0,"0,00%","0,00%"
2025-10-16 08:00:00,26,64,27,11,"42,31%",9,3,3,5,"11,54%",2,4,3,"7,69%",2,4,3,"7,69%","100,00%"
2025-10-16 09:00:00,45,86,25,23,"51,11%",18,9,9,27,"20,00%",1,2,1,"2,22%",1,2,1,"2,22%","100,00%"
2025-10-16 10:00:00,45,97,38,20,"44,44%",22,6,10,287,"22,22%",3,8,3,"6,67%",3,8,3,"6,67%","100,00%"
2025-10-16 11:00:00,43,70,28,17,"39,53%",16,4,8,11,"18,60%",2,3,2,"4,65%",2,3,2,"4,65%","100,00%"
2025-10-16 12:00:00,35,78,25,16,"45,71%",14,4,11,17,"31,43%",3,5,2,"8,57%",3,5,2,"8,57%","100,00%"
2025-10-16 13:00:00,31,79,24,12,"38,71%",14,1,10,16,"32,26%",1,1,1,"3,23%",1,1,1,"3,23%","100,00%"
2025-10-16 14:00:00,34,70,24,16,"47,06%",14,8,7,22,"20,59%",1,3,3,"2,94%",1,3,3,"2,94%","100,00%"
2025-10-16 15:00:00,31,61,24,14,"45,16%",15,3,5,7,"16,13%",1,1,1,"3,23%",1,1,1,"3,23%","100,00%"
2025-10-16 16:00:00,47,88,35,22,"46,81%",26,7,9,47,"19,15%",2,8,1,"4,26%",2,8,1,"4,26%","100,00%"
2025-10-16 17:00:00,41,83,29,18,"43,90%",17,4,10,31,"24,39%",3,5,3,"7,32%",3,5,3,"7,32%","100,00%"
2025-10-16 18:00:00,35,72,23,11,"31,43%",14,3,11,19,"31,43%",1,5,3,"2,86%",1,5,3,"2,86%","100,00%"
2025-10-16 19:00:00,41,80,29,19,"46,34%",25,3,7,12,"17,07%",4,4,3,"9,76%",4,4,3,"9,76%","100,00%"
2025-10-16 20:00:00,48,80,32,16,"33,33%",23,7,8,13,"16,67%",0,0,0,"0,00%",0,0,0,"0,00%","0,00%"
2025-10-16 21:00:00,36,52,22,17,"47,22%",21,7,5,6,"13,89%",0,0,0,"0,00%",0,0,0,"0,00%","0,00%"
2025-10-16 22:00:00,32,86,25,6,"18,75%",17,8,12,29,"37,50%",3,3,3,"9,38%",3,3,3,"9,38%","100,00%"
2025-10-16 23:00:00,22,48,23,5,"22,73%",13,0,4,5,"18,18%",1,1,1,"4,55%",1,1,1,"4,55%","100,00%"
2025-10-17 00:00:00,11,26,12,3,"27,27%",8,16,5,11,"45,45%",1,2,1,"9,09%",1,2,1,"9,09%","100,00%"
2025-10-17 01:00:00,4,8,3,1,"25,00%",2,0,1,2,"25,00%",1,3,1,"25,00%",0,0,0,"0,00%","0,00%"
2025-10-17 02:00:00,11,13,9,5,"45,45%",3,1,1,1,"9,09%",0,0,0,"0,00%",0,0,0,"0,00%","0,00%"
2025-10-17 03:00:00,4,8,5,2,"50,00%",1,0,0,0,"0,00%",0,0,0,"0,00%",0,0,0,"0,00%","0,00%"
2025-10-17 04:00:00,16,25,15,5,"31,25%",7,3,1,1,"6,25%",0,0,0,"0,00%",0,0,0,"0,00%","0,00%"
2025-10-17 05:00:00,18,28,16,9,"50,00%",8,1,2,2,"11,11%",0,0,0,"0,00%",0,0,0,"0,00%","0,00%"
2025-10-17 06:00:00,29,83,32,11,"37,93%",13,3,9,15,"31,03%",0,0,0,"0,00%",0,0,0,"0,00%","0,00%"
2025-10-17 07:00:00,21,33,13,7,"33,33%",9,1,6,7,"28,57%",0,0,0,"0,00%",0,0,0,"0,00%","0,00%"
2025-10-17 08:00:00,28,42,18,13,"46,43%",11,5,3,5,"10,71%",0,0,0,"0,00%",0,0,0,"0,00%","0,00%"
2025-10-17 09:00:00,36,94,32,14,"38,89%",15,9,9,16,"25,00%",5,8,5,"13,89%",4,7,4,"11,11%","80,00%"
2025-10-17 10:00:00,46,71,29,22,"47,83%",23,5,10,16,"21,74%",2,6,2,"4,35%",1,4,1,"2,17%","50,00%"
2025-10-17 11:00:00,48,75,25,23,"47,92%",29,3,9,16,"18,75%",1,1,1,"2,08%",2,3,2,"4,17%","200,00%"
2025-10-17 12:00:00,48,99,32,23,"47,92%",23,6,8,38,"16,67%",1,1,1,"2,08%",1,1,1,"2,08%","100,00%"
2025-10-17 13:00:00,33,67,22,9,"27,27%",19,14,9,33,"27,27%",1,7,1,"3,03%",2,10,1,"6,06%","200,00%"
2025-10-17 14:00:00,37,64,28,18,"48,65%",18,5,8,14,"21,62%",0,0,0,"0,00%",0,0,0,"0,00%","0,00%"
2025-10-17 15:00:00,30,55,17,11,"36,67%",10,3,7,28,"23,33%",0,0,0,"0,00%",0,0,0,"0,00%","0,00%"
2025-10-17 16:00:00,44,84,35,20,"45,45%",26,6,6,10,"13,64%",2,2,2,"4,55%",2,2,2,"4,55%","100,00%"
2025-10-17 17:00:00,32,56,20,11,"34,38%",18,1,7,11,"21,88%",0,0,0,"0,00%",0,0,0,"0,00%","0,00%"
2025-10-17 18:00:00,42,65,28,26,"61,90%",13,4,6,14,"14,29%",2,4,3,"4,76%",2,4,3,"4,76%","100,00%"
2025-10-17 19:00:00,43,85,33,11,"25,58%",26,3,8,15,"18,60%",1,1,1,"2,33%",1,1,1,"2,33%","100,00%"
2025-10-17 20:00:00,38,62,25,14,"36,84%",24,3,3,5,"7,89%",3,12,3,"7,89%",2,4,2,"5,26%","66,67%"
2025-10-17 21:00:00,33,58,20,13,"39,39%",21,3,12,23,"36,36%",2,2,2,"6,06%",3,10,3,"9,09%","150,00%"
2025-10-17 22:00:00,23,42,16,7,"30,43%",13,4,4,6,"17,39%",0,0,0,"0,00%",0,0,0,"0,00%","0,00%"
2025-10-17 23:00:00,13,20,11,4,"30,77%",8,3,1,2,"7,69%",0,0,0,"0,00%",0,0,0,"0,00%","0,00%"
2025-10-18 00:00:00,5,23,8,2,"40,00%",1,3,1,5,"20,00%",0,0,0,"0,00%",0,0,0,"0,00%","0,00%"
2025-10-18 01:00:00,7,18,8,1,"14,29%",6,3,2,2,"28,57%",0,0,0,"0,00%",0,0,0,"0,00%","0,00%"
2025-10-18 02:00:00,7,10,7,2,"28,57%",5,0,2,6,"28,57%",1,1,0,"14,29%",1,1,0,"14,29%","100,00%"
2025-10-18 03:00:00,3,5,2,2,"66,67%",2,0,1,2,"33,33%",0,0,0,"0,00%",0,0,0,"0,00%","0,00%"
2025-10-18 04:00:00,7,25,9,1,"14,29%",5,5,2,7,"28,57%",1,1,0,"14,29%",1,1,0,"14,29%","100,00%"
2025-10-18 05:00:00,13,21,9,7,"53,85%",4,0,2,4,"15,38%",1,2,0,"7,69%",1,2,0,"7,69%","100,00%"
2025-10-18 06:00:00,19,24,12,7,"36,84%",7,0,3,5,"15,79%",1,1,0,"5,26%",1,1,0,"5,26%","100,00%"
2025-10-18 07:00:00,23,32,16,12,"52,17%",15,0,3,4,"13,04%",0,0,0,"0,00%",0,0,0,"0,00%","0,00%"
2025-10-18 08:00:00,21,32,12,14,"66,67%",8,2,6,15,"28,57%",1,1,0,"4,76%",1,1,0,"4,76%","100,00%"
2025-10-18 09:00:00,37,67,24,17,"45,95%",15,5,5,12,"13,51%",1,2,0,"2,70%",1,2,0,"2,70%","100,00%"
2025-10-18 10:00:00,29,68,26,13,"44,83%",15,1,12,33,"41,38%",1,1,0,"3,45%",1,1,0,"3,45%","100,00%"
2025-10-18 11:00:00,31,65,25,13,"41,94%",16,2,9,16,"29,03%",3,5,0,"9,68%",3,5,0,"9,68%","100,00%"
2025-10-18 12:00:00,40,70,20,21,"52,50%",11,3,6,19,"15,00%",3,4,0,"7,50%",3,4,0,"7,50%","100,00%"
2025-10-18 13:00:00,30,43,18,8,"26,67%",14,3,9,21,"30,00%",3,15,0,"10,00%",3,15,0,"10,00%","100,00%"
2025-10-18 14:00:00,23,35,21,11,"47,83%",13,1,3,5,"13,04%",2,2,0,"8,70%",2,2,0,"8,70%","100,00%"
2025-10-18 15:00:00,25,58,27,9,"36,00%",13,2,10,28,"40,00%",2,4,0,"8,00%",2,4,0,"8,00%","100,00%"
2025-10-18 16:00:00,25,63,19,5,"20,00%",14,3,14,25,"56,00%",4,5,0,"16,00%",4,5,0,"16,00%","100,00%"
2025-10-18 17:00:00,26,37,23,15,"57,69%",15,2,3,5,"11,54%",1,2,0,"3,85%",0,0,0,"0,00%","0,00%"
2025-10-18 18:00:00,40,86,38,11,"27,50%",24,7,8,21,"20,00%",1,20,0,"2,50%",1,20,0,"2,50%","100,00%"
2025-10-18 19:00:00,42,90,39,15,"35,71%",28,8,11,19,"26,19%",3,5,0,"7,14%",3,5,0,"7,14%","100,00%"
2025-10-18 20:00:00,34,62,15,4,"11,76%",21,7,11,18,"32,35%",1,4,0,"2,94%",1,4,0,"2,94%","100,00%"
2025-10-18 21:00:00,32,49,20,14,"43,75%",19,3,6,8,"18,75%",3,7,0,"9,38%",3,7,0,"9,38%","100,00%"
2025-10-18 22:00:00,25,49,20,10,"40,00%",13,1,5,32,"20,00%",1,18,0,"4,00%",1,18,0,"4,00%","100,00%"
2025-10-18 23:00:00,36,73,22,8,"22,22%",18,5,14,21,"38,89%",4,4,0,"11,11%",4,4,0,"11,11%","100,00%"
2025-10-19 00:00:00,19,41,20,5,"26,32%",10,3,6,9,"31,58%",1,9,0,"5,26%",1,9,0,"5,26%","100,00%"
2025-10-19 01:00:00,15,21,14,1,"6,67%",6,3,5,15,"33,33%",1,2,0,"6,67%",1,2,0,"6,67%","100,00%"
2025-10-19 02:00:00,4,4,4,1,"25,00%",2,0,0,0,"0,00%",0,0,0,"0,00%",0,0,0,"0,00%","0,00%"
2025-10-19 03:00:00,7,14,6,2,"28,57%",3,2,2,22,"28,57%",1,4,0,"14,29%",1,4,0,"14,29%","100,00%"
2025-10-19 04:00:00,4,4,4,3,"75,00%",2,0,0,0,"0,00%",0,0,0,"0,00%",0,0,0,"0,00%","0,00%"
2025-10-19 05:00:00,10,32,10,3,"30,00%",5,8,4,11,"40,00%",1,1,0,"10,00%",1,1,0,"10,00%","100,00%"
2025-10-19 06:00:00,17,31,13,5,"29,41%",6,2,6,9,"35,29%",1,1,0,"5,88%",1,1,0,"5,88%","100,00%"
2025-10-19 07:00:00,20,37,21,13,"65,00%",10,5,3,5,"15,00%",0,0,0,"0,00%",0,0,0,"0,00%","0,00%"
2025-10-19 08:00:00,34,66,31,13,"38,24%",17,1,12,25,"35,29%",2,11,0,"5,88%",2,11,0,"5,88%","100,00%"
2025-10-19 09:00:00,24,43,24,10,"41,67%",14,1,5,9,"20,83%",1,1,0,"4,17%",1,1,0,"4,17%","100,00%"
2025-10-19 10:00:00,29,84,35,10,"34,48%",19,3,13,29,"44,83%",2,2,0,"6,90%",2,2,0,"6,90%","100,00%"
2025-10-19 11:00:00,28,49,19,11,"39,29%",18,4,8,17,"28,57%",2,3,0,"7,14%",2,3,0,"7,14%","100,00%"
2025-10-19 12:00:00,35,78,30,12,"34,29%",13,3,14,30,"40,00%",3,4,0,"8,57%",2,3,0,"5,71%","66,67%"
2025-10-19 13:00:00,37,72,24,13,"35,14%",20,4,8,21,"21,62%",7,16,0,"18,92%",7,16,0,"18,92%","100,00%"
2025-10-19 14:00:00,43,70,26,17,"39,53%",25,2,7,9,"16,28%",2,2,0,"4,65%",2,2,0,"4,65%","100,00%"
2025-10-19 15:00:00,33,46,24,18,"54,55%",16,1,2,2,"6,06%",1,1,0,"3,03%",2,2,0,"6,06%","200,00%"
2025-10-19 16:00:00,45,78,27,19,"42,22%",29,2,11,18,"24,44%",6,15,0,"13,33%",6,15,0,"13,33%","100,00%"
2025-10-19 17:00:00,40,83,26,15,"37,50%",19,5,6,12,"15,00%",1,2,0,"2,50%",1,2,0,"2,50%","100,00%"
2025-10-19 18:00:00,49,78,31,21,"42,86%",35,4,8,13,"16,33%",1,2,0,"2,04%",1,2,0,"2,04%","100,00%"
2025-10-19 19:00:00,44,100,28,14,"31,82%",30,9,14,26,"31,82%",3,4,0,"6,82%",3,4,0,"6,82%","100,00%"
2025-10-19 20:00:00,49,78,30,13,"26,53%",30,7,15,31,"30,61%",1,6,0,"2,04%",1,6,0,"2,04%","100,00%"
2025-10-19 21:00:00,44,83,31,16,"36,36%",28,3,10,18,"22,73%",1,1,0,"2,27%",1,1,0,"2,27%","100,00%"
2025-10-19 22:00:00,32,73,24,4,"12,50%",22,3,8,10,"25,00%",0,0,0,"0,00%",0,0,0,"0,00%","0,00%"
2025-10-19 23:00:00,19,45,15,7,"36,84%",9,4,5,5,"26,32%",0,0,0,"0,00%",0,0,0,"0,00%","0,00%"
2025-10-20 00:00:00,15,32,14,5,"33,33%",7,6,3,4,"20,00%",1,1,1,"6,67%",1,1,1,"6,67%","100,00%"
2025-10-20 01:00:00,9,31,17,2,"22,22%",3,3,3,8,"33,33%",1,1,1,"11,11%",1,1,1,"11,11%","100,00%"
2025-10-20 02:00:00,8,18,7,4,"50,00%",5,0,2,3,"25,00%",0,0,0,"0,00%",0,0,0,"0,00%","0,00%"
2025-10-20 03:00:00,8,16,9,4,"50,00%",5,1,1,2,"12,50%",0,0,0,"0,00%",0,0,0,"0,00%","0,00%"
2025-10-20 04:00:00,11,26,12,5,"45,45%",4,2,4,12,"36,36%",1,1,1,"9,09%",1,1,1,"9,09%","100,00%"
2025-10-20 05:00:00,15,32,12,7,"46,67%",9,1,3,11,"20,00%",0,0,0,"0,00%",0,0,0,"0,00%","0,00%"
2025-10-20 06:00:00,14,30,14,4,"28,57%",8,1,1,1,"7,14%",1,1,1,"7,14%",1,1,1,"7,14%","100,00%"
2025-10-20 07:00:00,26,58,24,10,"38,46%",15,3,8,13,"30,77%",1,2,1,"3,85%",1,2,1,"3,85%","100,00%"
2025-10-20 08:00:00,27,61,25,10,"37,04%",11,5,5,25,"18,52%",1,1,1,"3,70%",1,1,1,"3,70%","100,00%"
2025-10-20 09:00:00,41,77,26,17,"41,46%",19,4,9,18,"21,95%",0,0,0,"0,00%",0,0,0,"0,00%","0,00%"
2025-10-20 10:00:00,52,109,44,19,"36,54%",30,4,9,50,"17,31%",3,9,3,"5,77%",3,9,3,"5,77%","100,00%"
2025-10-20 11:00:00,42,98,30,17,"40,48%",23,3,13,25,"30,95%",2,3,2,"4,76%",2,3,2,"4,76%","100,00%"
2025-10-20 12:00:00,39,62,27,15,"38,46%",27,1,7,20,"17,95%",3,6,4,"7,69%",3,6,4,"7,69%","100,00%"
2025-10-20 13:00:00,35,102,34,12,"34,29%",21,1,8,21,"22,86%",2,4,3,"5,71%",2,4,3,"5,71%","100,00%"
2025-10-20 14:00:00,45,89,32,16,"35,56%",27,6,12,15,"26,67%",2,2,2,"4,44%",2,2,2,"4,44%","100,00%"
2025-10-20 15:00:00,41,77,29,18,"43,90%",23,2,7,12,"17,07%",4,6,4,"9,76%",4,6,4,"9,76%","100,00%"
2025-10-20 16:00:00,34,55,23,12,"35,29%",21,4,8,115,"23,53%",1,2,1,"2,94%",1,2,1,"2,94%","100,00%"
2025-10-20 17:00:00,32,53,18,10,"31,25%",18,1,10,15,"31,25%",1,1,1,"3,12%",1,1,1,"3,12%","100,00%"
2025-10-20 18:00:00,38,71,25,17,"44,74%",20,9,4,8,"10,53%",1,1,1,"2,63%",1,1,1,"2,63%","100,00%"
2025-10-20 19:00:00,56,122,39,26,"46,43%",37,9,15,23,"26,79%",5,5,4,"8,93%",5,5,4,"8,93%","100,00%"
2025-10-20 20:00:00,44,93,31,19,"43,18%",28,9,13,21,"29,55%",6,11,5,"13,64%",5,10,4,"11,36%","83,33%"
2025-10-20 21:00:00,41,84,29,11,"26,83%",26,1,14,30,"34,15%",2,2,2,"4,88%",2,2,2,"4,88%","100,00%"
2025-10-20 22:00:00,30,58,21,10,"33,33%",19,2,11,16,"36,67%",1,1,1,"3,33%",0,0,0,"0,00%","0,00%"
2025-10-20 23:00:00,23,57,18,5,"21,74%",12,5,8,15,"34,78%",2,3,3,"8,70%",2,3,3,"8,70%","100,00%"
2025-10-21 00:00:00,13,17,9,7,"53,85%",10,1,2,3,"15,38%",2,3,3,"15,38%",2,3,3,"15,38%","100,00%"
2025-10-21 01:00:00,11,20,12,2,"18,18%",3,0,3,3,"27,27%",0,0,0,"0,00%",0,0,0,"0,00%","0,00%"
2025-10-21 02:00:00,6,7,5,4,"66,67%",4,0,2,4,"33,33%",0,0,0,"0,00%",0,0,0,"0,00%","0,00%"
2025-10-21 03:00:00,11,15,12,4,"36,36%",9,0,2,2,"18,18%",0,0,0,"0,00%",0,0,0,"0,00%","0,00%"
2025-10-21 04:00:00,6,6,5,3,"50,00%",2,0,1,2,"16,67%",0,0,0,"0,00%",0,0,0,"0,00%","0,00%"
2025-10-21 05:00:00,15,36,14,6,"40,00%",6,1,2,2,"13,33%",1,1,1,"6,67%",1,1,1,"6,67%","100,00%"
2025-10-21 06:00:00,20,32,21,8,"40,00%",13,1,5,8,"25,00%",2,3,2,"10,00%",3,4,3,"15,00%","150,00%"
2025-10-21 07:00:00,28,65,19,10,"35,71%",17,1,9,23,"32,14%",1,3,1,"3,57%",1,3,1,"3,57%","100,00%"
2025-10-21 08:00:00,35,94,30,10,"28,57%",13,6,13,50,"37,14%",3,3,2,"8,57%",3,3,2,"8,57%","100,00%"
2025-10-21 09:00:00,35,96,35,12,"34,29%",21,4,13,22,"37,14%",2,3,2,"5,71%",2,3,2,"5,71%","100,00%"
2025-10-21 10:00:00,37,83,31,14,"37,84%",23,5,8,17,"21,62%",2,7,2,"5,41%",2,7,2,"5,41%","100,00%"
2025-10-21 11:00:00,35,85,32,5,"14,29%",18,17,9,20,"25,71%",5,6,4,"14,29%",5,6,4,"14,29%","100,00%"
2025-10-21 12:00:00,37,74,24,16,"43,24%",17,6,7,10,"18,92%",2,4,2,"5,41%",2,4,2,"5,41%","100,00%"
2025-10-21 13:00:00,47,112,38,14,"29,79%",28,8,12,37,"25,53%",0,0,0,"0,00%",0,0,0,"0,00%","0,00%"
2025-10-21 14:00:00,39,84,43,14,"35,90%",27,4,11,27,"28,21%",4,5,5,"10,26%",4,5,5,"10,26%","100,00%"
2025-10-21 15:00:00,32,79,29,12,"37,50%",22,5,10,17,"31,25%",2,3,3,"6,25%",2,3,3,"6,25%","100,00%"
2025-10-21 16:00:00,50,92,35,17,"34,00%",22,8,16,44,"32,00%",8,11,5,"16,00%",8,9,5,"16,00%","100,00%"
2025-10-21 17:00:00,43,93,22,17,"39,53%",15,4,10,28,"23,26%",2,8,2,"4,65%",2,8,2,"4,65%","100,00%"
2025-10-21 18:00:00,51,87,31,17,"33,33%",37,7,15,36,"29,41%",4,12,5,"7,84%",4,12,5,"7,84%","100,00%"
2025-10-21 19:00:00,60,98,36,26,"43,33%",33,12,9,10,"15,00%",4,4,3,"6,67%",4,4,3,"6,67%","100,00%"
2025-10-21 20:00:00,41,112,40,13,"31,71%",27,12,12,17,"29,27%",2,2,2,"4,88%",2,2,2,"4,88%","100,00%"
2025-10-21 21:00:00,53,102,34,20,"37,74%",31,7,10,32,"18,87%",3,5,3,"5,66%",3,5,3,"5,66%","100,00%"
2025-10-21 22:00:00,28,58,21,7,"25,00%",16,7,8,18,"28,57%",3,4,3,"10,71%",3,4,3,"10,71%","100,00%"
2025-10-21 23:00:00,20,43,17,4,"20,00%",11,1,3,3,"15,00%",2,2,2,"10,00%",1,1,1,"5,00%","50,00%"
2025-10-22 00:00:00,12,17,12,3,"25,00%",7,1,2,6,"16,67%",0,0,0,"0,00%",0,0,0,"0,00%","0,00%"
2025-10-22 01:00:00,9,23,12,2,"22,22%",5,4,2,3,"22,22%",0,0,0,"0,00%",0,0,0,"0,00%","0,00%"
2025-10-22 02:00:00,9,19,10,5,"55,56%",3,2,2,12,"22,22%",0,0,0,"0,00%",0,0,0,"0,00%","0,00%"
2025-10-22 03:00:00,4,7,4,2,"50,00%",3,0,1,2,"25,00%",0,0,0,"0,00%",0,0,0,"0,00%","0,00%"
2025-10-22 04:00:00,4,4,4,3,"75,00%",2,0,0,0,"0,00%",0,0,0,"0,00%",0,0,0,"0,00%","0,00%"
2025-10-22 05:00:00,15,41,15,3,"20,00%",7,4,5,6,"33,33%",0,0,0,"0,00%",0,0,0,"0,00%","0,00%"
2025-10-22 06:00:00,17,20,13,7,"41,18%",7,0,4,8,"23,53%",2,5,2,"11,76%",2,5,2,"11,76%","100,00%"
2025-10-22 07:00:00,26,44,20,12,"46,15%",12,4,3,7,"11,54%",0,0,0,"0,00%",0,0,0,"0,00%","0,00%"
2025-10-22 08:00:00,28,39,15,15,"53,57%",7,1,5,6,"17,86%",2,2,2,"7,14%",2,2,2,"7,14%","100,00%"
2025-10-22 09:00:00,49,98,36,20,"40,82%",32,9,12,20,"24,49%",3,5,4,"6,12%",3,5,4,"6,12%","100,00%"
2025-10-22 10:00:00,37,71,27,14,"37,84%",21,2,8,25,"21,62%",2,2,2,"5,41%",2,2,2,"5,41%","100,00%"
2025-10-22 11:00:00,43,64,25,19,"44,19%",16,4,4,7,"9,30%",0,0,0,"0,00%",0,0,0,"0,00%","0,00%"
2025-10-22 12:00:00,48,93,29,17,"35,42%",25,7,9,27,"18,75%",3,8,1,"6,25%",3,8,1,"6,25%","100,00%"
2025-10-22 13:00:00,36,74,22,13,"36,11%",16,4,9,15,"25,00%",3,4,3,"8,33%",3,4,3,"8,33%","100,00%"
2025-10-22 14:00:00,44,86,28,16,"36,36%",22,7,8,32,"18,18%",4,10,4,"9,09%",4,10,4,"9,09%","100,00%"
2025-10-22 15:00:00,42,76,23,18,"42,86%",23,6,6,11,"14,29%",0,0,0,"0,00%",0,0,0,"0,00%","0,00%"
2025-10-22 16:00:00,38,67,25,9,"23,68%",20,5,14,24,"36,84%",2,4,2,"5,26%",2,4,2,"5,26%","100,00%"
2025-10-22 17:00:00,43,93,25,15,"34,88%",21,8,11,19,"25,58%",4,4,2,"9,30%",4,4,2,"9,30%","100,00%"
2025-10-22 18:00:00,59,125,33,23,"38,98%",36,8,17,33,"28,81%",7,13,3,"11,86%",7,13,3,"11,86%","100,00%"
2025-10-22 19:00:00,50,106,30,22,"44,00%",34,6,18,41,"36,00%",4,5,3,"8,00%",3,3,2,"6,00%","75,00%"
2025-10-22 20:00:00,46,72,27,17,"36,96%",27,2,8,16,"17,39%",3,6,3,"6,52%",3,6,3,"6,52%","100,00%"
2025-10-22 21:00:00,55,95,31,20,"36,36%",34,6,8,13,"14,55%",0,0,0,"0,00%",0,0,0,"0,00%","0,00%"
2025-10-22 22:00:00,28,58,26,7,"25,00%",14,2,6,15,"21,43%",1,1,1,"3,57%",1,1,1,"3,57%","100,00%"
2025-10-22 23:00:00,19,31,16,6,"31,58%",12,2,4,11,"21,05%",3,5,2,"15,79%",2,3,2,"10,53%","66,67%"
2025-10-23 00:00:00,13,26,15,4,"30,77%",7,3,5,7,"38,46%",1,1,1,"7,69%",1,1,1,"7,69%","100,00%"
2025-10-23 01:00:00,9,14,9,5,"55,56%",4,1,0,0,"0,00%",0,0,0,"0,00%",0,0,0,"0,00%","0,00%"
2025-10-23 02:00:00,7,15,9,2,"28,57%",6,1,2,6,"28,57%",0,0,0,"0,00%",0,0,0,"0,00%","0,00%"
2025-10-23 03:00:00,3,4,4,1,"33,33%",0,0,0,0,"0,00%",1,6,2,"33,33%",1,6,2,"33,33%","100,00%"
2025-10-23 04:00:00,11,18,8,1,"9,09%",6,3,2,2,"18,18%",0,0,0,"0,00%",0,0,0,"0,00%","0,00%"
2025-10-23 05:00:00,20,47,20,14,"70,00%",10,2,5,8,"25,00%",1,1,1,"5,00%",1,1,1,"5,00%","100,00%"
2025-10-23 06:00:00,36,72,26,19,"52,78%",17,5,8,15,"22,22%",2,2,2,"5,56%",2,2,2,"5,56%","100,00%"
2025-10-23 07:00:00,33,91,25,12,"36,36%",7,8,6,19,"18,18%",1,1,1,"3,03%",1,1,1,"3,03%","100,00%"
2025-10-23 08:00:00,27,57,24,8,"29,63%",17,2,8,15,"29,63%",2,2,2,"7,41%",2,2,2,"7,41%","100,00%"
2025-10-23 09:00:00,37,67,20,18,"48,65%",12,4,6,7,"16,22%",1,1,1,"2,70%",0,0,0,"0,00%","0,00%"
2025-10-23 10:00:00,47,102,35,13,"27,66%",21,6,10,33,"21,28%",0,0,0,"0,00%",0,0,0,"0,00%","0,00%"
2025-10-23 11:00:00,36,73,29,10,"27,78%",22,5,8,73,"22,22%",2,20,2,"5,56%",2,20,2,"5,56%","100,00%"
2025-10-23 12:00:00,47,87,24,19,"40,43%",23,4,8,12,"17,02%",2,2,1,"4,26%",2,2,1,"4,26%","100,00%"
2025-10-23 13:00:00,45,79,22,22,"48,89%",19,2,8,26,"17,78%",4,12,4,"8,89%",4,12,4,"8,89%","100,00%"
2025-10-23 14:00:00,43,63,23,22,"51,16%",24,8,3,3,"6,98%",1,1,1,"2,33%",1,1,1,"2,33%","100,00%"
2025-10-23 15:00:00,35,80,24,12,"34,29%",24,8,12,17,"34,29%",4,8,4,"11,43%",4,8,4,"11,43%","100,00%"
2025-10-23 16:00:00,38,73,21,11,"28,95%",17,3,15,33,"39,47%",9,14,6,"23,68%",9,14,6,"23,68%","100,00%"
2025-10-23 17:00:00,46,65,21,25,"54,35%",25,2,7,11,"15,22%",3,4,3,"6,52%",3,4,3,"6,52%","100,00%"
2025-10-23 18:00:00,51,86,31,13,"25,49%",27,3,16,20,"31,37%",4,6,2,"7,84%",4,6,2,"7,84%","100,00%"
2025-10-23 19:00:00,59,102,34,25,"42,37%",32,3,10,27,"16,95%",1,1,1,"1,69%",1,1,1,"1,69%","100,00%"
2025-10-23 20:00:00,61,111,33,26,"42,62%",31,6,11,22,"18,03%",4,4,2,"6,56%",4,4,2,"6,56%","100,00%"
2025-10-23 21:00:00,43,80,31,13,"30,23%",24,9,10,20,"23,26%",4,8,3,"9,30%",4,8,3,"9,30%","100,00%"
2025-10-23 22:00:00,32,59,24,10,"31,25%",22,6,7,11,"21,88%",2,2,2,"6,25%",2,2,2,"6,25%","100,00%"
2025-10-23 23:00:00,14,29,15,4,"28,57%",7,3,1,1,"7,14%",1,2,2,"7,14%",1,2,2,"7,14%","100,00%"
2025-10-24 00:00:00,12,31,16,6,"50,00%",5,2,4,7,"33,33%",3,5,3,"25,00%",3,5,3,"25,00%","100,00%"
2025-10-24 01:00:00,6,15,6,2,"33,33%",2,2,0,0,"0,00%",0,0,0,"0,00%",0,0,0,"0,00%","0,00%"
2025-10-24 02:00:00,7,12,7,3,"42,86%",4,1,1,1,"14,29%",1,1,1,"14,29%",1,1,1,"14,29%","100,00%"
2025-10-24 03:00:00,2,6,2,0,"0,00%",1,1,1,1,"50,00%",0,0,0,"0,00%",0,0,0,"0,00%","0,00%"
2025-10-24 04:00:00,7,12,8,3,"42,86%",2,0,1,4,"14,29%",0,0,0,"0,00%",0,0,0,"0,00%","0,00%"
2025-10-24 05:00:00,11,17,8,3,"27,27%",8,1,5,6,"45,45%",1,1,1,"9,09%",1,1,1,"9,09%","100,00%"
2025-10-24 06:00:00,35,66,19,12,"34,29%",23,2,4,5,"11,43%",0,0,0,"0,00%",0,0,0,"0,00%","0,00%"
2025-10-24 07:00:00,31,55,24,14,"45,16%",10,1,9,14,"29,03%",3,6,4,"9,68%",3,6,4,"9,68%","100,00%"
2025-10-24 08:00:00,35,79,27,14,"40,00%",12,5,8,28,"22,86%",2,9,4,"5,71%",2,9,4,"5,71%","100,00%"
2025-10-24 09:00:00,31,71,20,14,"45,16%",13,3,8,13,"25,81%",1,1,1,"3,23%",1,1,1,"3,23%","100,00%"
2025-10-24 10:00:00,35,68,28,13,"37,14%",19,5,7,18,"20,00%",1,1,1,"2,86%",1,1,1,"2,86%","100,00%"
2025-10-24 11:00:00,24,40,21,12,"50,00%",9,0,4,7,"16,67%",1,1,1,"4,17%",0,0,0,"0,00%","0,00%"
2025-10-24 12:00:00,38,84,27,16,"42,11%",18,6,12,17,"31,58%",1,1,1,"2,63%",1,1,1,"2,63%","100,00%"
2025-10-24 13:00:00,46,101,27,15,"32,61%",25,7,12,17,"26,09%",3,7,3,"6,52%",3,7,3,"6,52%","100,00%"
2025-10-24 14:00:00,34,70,27,15,"44,12%",16,4,13,26,"38,24%",2,8,2,"5,88%",3,9,3,"8,82%","150,00%"
2025-10-24 15:00:00,48,105,42,19,"39,58%",27,5,14,32,"29,17%",3,6,4,"6,25%",3,6,4,"6,25%","100,00%"
2025-10-24 16:00:00,45,98,23,17,"37,78%",21,8,7,20,"15,56%",2,5,5,"4,44%",2,5,5,"4,44%","100,00%"
2025-10-24 17:00:00,38,69,21,16,"42,11%",25,5,11,17,"28,95%",2,4,2,"5,26%",2,4,2,"5,26%","100,00%"
2025-10-24 18:00:00,46,78,32,17,"36,96%",25,8,12,22,"26,09%",3,5,3,"6,52%",3,5,3,"6,52%","100,00%"
2025-10-24 19:00:00,50,91,31,17,"34,00%",31,3,7,12,"14,00%",1,1,1,"2,00%",1,1,1,"2,00%","100,00%"
2025-10-24 20:00:00,48,87,34,19,"39,58%",29,5,9,14,"18,75%",3,4,3,"6,25%",3,4,3,"6,25%","100,00%"
2025-10-24 21:00:00,46,81,25,12,"26,09%",27,4,7,18,"15,22%",3,3,1,"6,52%",3,3,1,"6,52%","100,00%"
2025-10-24 22:00:00,39,86,31,17,"43,59%",22,4,7,11,"17,95%",1,4,1,"2,56%",1,4,1,"2,56%","100,00%"
2025-10-24 23:00:00,15,45,20,6,"40,00%",8,1,3,10,"20,00%",1,1,1,"6,67%",1,1,1,"6,67%","100,00%"
2025-10-25 00:00:00,11,19,9,6,"54,55%",6,1,1,1,"9,09%",1,3,3,"9,09%",1,3,3,"9,09%","100,00%"
2025-10-25 01:00:00,4,6,4,1,"25,00%",2,0,0,0,"0,00%",0,0,0,"0,00%",0,0,0,"0,00%","0,00%"
2025-10-25 02:00:00,5,7,5,2,"40,00%",4,1,1,1,"20,00%",0,0,0,"0,00%",0,0,0,"0,00%","0,00%"
2025-10-25 03:00:00,6,8,6,2,"33,33%",1,1,1,2,"16,67%",2,3,2,"33,33%",2,3,2,"33,33%","100,00%"
2025-10-25 04:00:00,9,24,11,5,"55,56%",5,1,1,2,"11,11%",0,0,0,"0,00%",0,0,0,"0,00%","0,00%"
2025-10-25 05:00:00,11,21,10,5,"45,45%",6,0,1,3,"9,09%",1,1,1,"9,09%",1,1,1,"9,09%","100,00%"
2025-10-25 06:00:00,20,39,17,10,"50,00%",8,2,5,6,"25,00%",1,3,2,"5,00%",1,3,2,"5,00%","100,00%"
2025-10-25 07:00:00,32,54,25,13,"40,62%",10,6,4,10,"12,50%",2,3,2,"6,25%",2,3,2,"6,25%","100,00%"
2025-10-25 08:00:00,36,63,24,19,"52,78%",11,7,5,13,"13,89%",2,8,3,"5,56%",2,8,3,"5,56%","100,00%"
2025-10-25 09:00:00,37,69,16,18,"48,65%",13,5,8,13,"21,62%",2,2,1,"5,41%",2,2,1,"5,41%","100,00%"
2025-10-25 10:00:00,39,59,26,24,"61,54%",15,2,6,7,"15,38%",1,1,1,"2,56%",1,1,1,"2,56%","100,00%"
2025-10-25 11:00:00,35,62,19,15,"42,86%",12,6,9,13,"25,71%",2,2,2,"5,71%",2,2,2,"5,71%","100,00%"
2025-10-25 12:00:00,39,64,29,11,"28,21%",23,2,9,12,"23,08%",3,5,3,"7,69%",3,5,3,"7,69%","100,00%"
2025-10-25 13:00:00,40,93,35,21,"52,50%",19,8,13,28,"32,50%",4,5,3,"10,00%",4,5,3,"10,00%","100,00%"
2025-10-25 14:00:00,35,45,19,19,"54,29%",16,0,4,4,"11,43%",0,0,0,"0,00%",0,0,0,"0,00%","0,00%"
2025-10-25 15:00:00,32,72,21,13,"40,62%",6,4,8,10,"25,00%",2,2,2,"6,25%",2,2,2,"6,25%","100,00%"
2025-10-25 16:00:00,29,59,28,12,"41,38%",13,2,5,14,"17,24%",2,3,2,"6,90%",2,3,2,"6,90%","100,00%"
2025-10-25 17:00:00,37,71,26,22,"59,46%",11,6,4,5,"10,81%",0,0,0,"0,00%",0,0,0,"0,00%","0,00%"
2025-10-25 18:00:00,53,85,20,28,"52,83%",21,9,9,29,"16,98%",5,7,4,"9,43%",5,7,4,"9,43%","100,00%"
2025-10-25 19:00:00,53,108,29,21,"39,62%",17,11,9,25,"16,98%",1,1,1,"1,89%",1,1,1,"1,89%","100,00%"
2025-10-25 20:00:00,43,68,21,19,"44,19%",16,3,6,12,"13,95%",1,1,1,"2,33%",1,1,1,"2,33%","100,00%"
2025-10-25 21:00:00,50,107,33,14,"28,00%",30,8,14,30,"28,00%",1,1,1,"2,00%",1,1,1,"2,00%","100,00%"
2025-10-25 22:00:00,33,43,18,21,"63,64%",20,4,4,5,"12,12%",1,1,1,"3,03%",1,1,1,"3,03%","100,00%"
2025-10-25 23:00:00,26,67,19,14,"53,85%",12,5,8,35,"30,77%",0,0,0,"0,00%",0,0,0,"0,00%","0,00%"
2025-10-26 00:00:00,11,25,10,4,"36,36%",7,0,2,3,"18,18%",0,0,0,"0,00%",0,0,0,"0,00%","0,00%"
2025-10-26 01:00:00,14,20,11,7,"50,00%",9,1,3,3,"21,43%",0,0,0,"0,00%",0,0,0,"0,00%","0,00%"
2025-10-26 02:00:00,5,7,4,2,"40,00%",0,1,1,1,"20,00%",0,0,0,"0,00%",0,0,0,"0,00%","0,00%"
2025-10-26 03:00:00,9,12,9,4,"44,44%",5,1,1,1,"11,11%",0,0,0,"0,00%",0,0,0,"0,00%","0,00%"
2025-10-26 04:00:00,12,21,8,7,"58,33%",6,2,3,3,"25,00%",0,0,0,"0,00%",0,0,0,"0,00%","0,00%"
2025-10-26 05:00:00,16,20,8,8,"50,00%",5,0,4,5,"25,00%",0,0,0,"0,00%",0,0,0,"0,00%","0,00%"
2025-10-26 06:00:00,31,40,14,18,"58,06%",7,3,3,4,"9,68%",1,1,0,"3,23%",1,1,0,"3,23%","100,00%"
2025-10-26 07:00:00,19,32,14,10,"52,63%",8,1,3,4,"15,79%",0,0,0,"0,00%",0,0,0,"0,00%","0,00%"
2025-10-26 08:00:00,37,56,18,15,"40,54%",22,3,7,13,"18,92%",1,1,0,"2,70%",1,1,0,"2,70%","100,00%"
2025-10-26 09:00:00,30,48,24,18,"60,00%",17,3,3,7,"10,00%",1,2,0,"3,33%",1,2,0,"3,33%","100,00%"
2025-10-26 10:00:00,48,92,34,23,"47,92%",18,6,10,13,"20,83%",3,3,0,"6,25%",3,3,0,"6,25%","100,00%"
2025-10-26 11:00:00,58,91,34,28,"48,28%",18,1,12,21,"20,69%",0,0,0,"0,00%",0,0,0,"0,00%","0,00%"
2025-10-26 12:00:00,35,56,20,18,"51,43%",13,5,8,10,"22,86%",3,4,0,"8,57%",2,3,0,"5,71%","66,67%"
2025-10-26 13:00:00,43,79,31,18,"41,86%",19,4,8,22,"18,60%",2,5,0,"4,65%",3,6,0,"6,98%","150,00%"
2025-10-26 14:00:00,31,56,23,8,"25,81%",20,3,8,14,"25,81%",1,2,0,"3,23%",1,2,0,"3,23%","100,00%"
2025-10-26 15:00:00,41,95,38,13,"31,71%",24,8,14,15,"34,15%",1,1,0,"2,44%",1,1,0,"2,44%","100,00%"
2025-10-26 16:00:00,29,60,22,11,"37,93%",10,12,4,5,"13,79%",3,3,0,"10,34%",3,3,0,"10,34%","100,00%"
2025-10-26 17:00:00,38,75,27,14,"36,84%",17,7,8,17,"21,05%",3,6,0,"7,89%",3,6,0,"7,89%","100,00%"
2025-10-26 18:00:00,60,102,24,29,"48,33%",20,5,7,16,"11,67%",3,6,0,"5,00%",3,6,0,"5,00%","100,00%"
2025-10-26 19:00:00,65,115,35,32,"49,23%",27,7,9,17,"13,85%",0,0,0,"0,00%",0,0,0,"0,00%","0,00%"
2025-10-26 20:00:00,54,99,27,24,"44,44%",26,5,15,25,"27,78%",3,3,0,"5,56%",2,2,0,"3,70%","66,67%"
2025-10-26 21:00:00,55,108,39,24,"43,64%",26,8,13,20,"23,64%",2,4,0,"3,64%",3,5,0,"5,45%","150,00%"
2025-10-26 22:00:00,30,45,14,7,"23,33%",15,3,9,16,"30,00%",0,0,0,"0,00%",0,0,0,"0,00%","0,00%"
2025-10-26 23:00:00,26,52,18,5,"19,23%",13,3,5,17,"19,23%",2,2,0,"7,69%",2,2,0,"7,69%","100,00%"
2025-10-27 00:00:00,8,14,6,1,"12,50%",5,1,2,2,"25,00%",0,0,0,"0,00%",0,0,0,"0,00%","0,00%"
2025-10-27 01:00:00,10,11,6,8,"80,00%",4,0,0,0,"0,00%",0,0,0,"0,00%",0,0,0,"0,00%","0,00%"
2025-10-27 02:00:00,8,15,7,3,"37,50%",3,1,0,0,"0,00%",0,0,0,"0,00%",0,0,0,"0,00%","0,00%"
2025-10-27 03:00:00,11,33,9,3,"27,27%",9,3,4,20,"36,36%",1,4,1,"9,09%",1,4,1,"9,09%","100,00%"
2025-10-27 04:00:00,12,19,10,4,"33,33%",8,1,4,5,"33,33%",0,0,0,"0,00%",0,0,0,"0,00%","0,00%"
2025-10-27 05:00:00,21,47,17,5,"23,81%",9,4,10,20,"47,62%",3,12,3,"14,29%",3,12,3,"14,29%","100,00%"
2025-10-27 06:00:00,25,49,19,14,"56,00%",13,3,7,11,"28,00%",0,0,0,"0,00%",0,0,0,"0,00%","0,00%"
2025-10-27 07:00:00,29,43,15,15,"51,72%",9,0,4,6,"13,79%",0,0,0,"0,00%",0,0,0,"0,00%","0,00%"
2025-10-27 08:00:00,40,79,20,17,"42,50%",20,10,8,19,"20,00%",2,6,2,"5,00%",2,6,2,"5,00%","100,00%"
2025-10-27 09:00:00,28,45,11,13,"46,43%",9,3,4,7,"14,29%",4,5,3,"14,29%",4,5,3,"14,29%","100,00%"
2025-10-27 10:00:00,44,74,30,18,"40,91%",21,5,11,42,"25,00%",1,1,1,"2,27%",1,1,1,"2,27%","100,00%"
2025-10-27 11:00:00,36,52,25,16,"44,44%",19,2,6,13,"16,67%",1,1,1,"2,78%",1,1,1,"2,78%","100,00%"
2025-10-27 12:00:00,42,74,29,18,"42,86%",21,6,9,15,"21,43%",5,8,4,"11,90%",5,8,4,"11,90%","100,00%"
2025-10-27 13:00:00,51,110,40,15,"29,41%",27,10,11,34,"21,57%",5,15,6,"9,80%",5,15,6,"9,80%","100,00%"
2025-10-27 14:00:00,40,86,29,10,"25,00%",23,4,8,14,"20,00%",2,2,2,"5,00%",2,2,2,"5,00%","100,00%"
2025-10-27 15:00:00,34,64,24,6,"17,65%",17,6,7,13,"20,59%",4,12,5,"11,76%",4,12,5,"11,76%","100,00%"
2025-10-27 16:00:00,44,81,30,20,"45,45%",24,2,8,15,"18,18%",1,2,1,"2,27%",1,2,1,"2,27%","100,00%"
2025-10-27 17:00:00,36,83,29,13,"36,11%",20,3,9,17,"25,00%",2,2,2,"5,56%",1,1,1,"2,78%","50,00%"
2025-10-27 18:00:00,49,106,27,20,"40,82%",20,7,10,16,"20,41%",3,4,3,"6,12%",3,4,3,"6,12%","100,00%"
2025-10-27 19:00:00,51,110,37,17,"33,33%",25,8,20,48,"39,22%",3,4,3,"5,88%",3,4,3,"5,88%","100,00%"
2025-10-27 20:00:00,61,113,38,19,"31,15%",38,12,11,13,"18,03%",1,1,1,"1,64%",1,1,1,"1,64%","100,00%"
2025-10-27 21:00:00,36,67,20,14,"38,89%",22,3,7,12,"19,44%",0,0,0,"0,00%",0,0,0,"0,00%","0,00%"
2025-10-27 22:00:00,23,40,19,8,"34,78%",14,3,5,12,"21,74%",1,2,1,"4,35%",1,2,1,"4,35%","100,00%"
2025-10-27 23:00:00,18,43,14,3,"16,67%",10,2,4,4,"22,22%",1,1,1,"5,56%",1,1,1,"5,56%","100,00%"
2025-10-28 00:00:00,16,26,10,5,"31,25%",5,4,4,5,"25,00%",1,2,0,"6,25%",1,2,0,"6,25%","100,00%"
2025-10-28 01:00:00,14,19,12,7,"50,00%",10,1,5,11,"35,71%",2,3,0,"14,29%",2,3,0,"14,29%","100,00%"
2025-10-28 02:00:00,9,10,7,4,"44,44%",5,0,2,5,"22,22%",1,1,0,"11,11%",1,1,0,"11,11%","100,00%"
2025-10-28 03:00:00,4,5,4,1,"25,00%",3,0,0,0,"0,00%",0,0,0,"0,00%",0,0,0,"0,00%","0,00%"
2025-10-28 04:00:00,7,9,5,1,"14,29%",3,0,1,2,"14,29%",1,1,0,"14,29%",1,1,0,"14,29%","100,00%"
2025-10-28 05:00:00,13,24,10,3,"23,08%",4,1,3,7,"23,08%",0,0,0,"0,00%",0,0,0,"0,00%","0,00%"
2025-10-28 06:00:00,19,45,18,7,"36,84%",6,1,4,9,"21,05%",1,6,0,"5,26%",1,6,0,"5,26%","100,00%"
2025-10-28 07:00:00,31,60,15,14,"45,16%",11,2,8,15,"25,81%",2,4,0,"6,45%",2,4,0,"6,45%","100,00%"
2025-10-28 08:00:00,42,93,31,20,"47,62%",17,5,9,18,"21,43%",0,0,0,"0,00%",0,0,0,"0,00%","0,00%"
2025-10-28 09:00:00,31,49,20,14,"45,16%",11,2,4,21,"12,90%",1,8,0,"3,23%",1,8,0,"3,23%","100,00%"
2025-10-28 10:00:00,40,67,25,19,"47,50%",14,7,6,7,"15,00%",1,2,0,"2,50%",1,2,0,"2,50%","100,00%"
2025-10-28 11:00:00,31,55,25,14,"45,16%",19,2,4,8,"12,90%",1,5,0,"3,23%",1,5,0,"3,23%","100,00%"
2025-10-28 12:00:00,40,65,22,18,"45,00%",20,3,8,11,"20,00%",0,0,0,"0,00%",0,0,0,"0,00%","0,00%"
2025-10-28 13:00:00,38,72,29,17,"44,74%",15,4,5,7,"13,16%",1,1,0,"2,63%",1,1,0,"2,63%","100,00%"
2025-10-28 14:00:00,47,69,23,17,"36,17%",28,5,9,25,"19,15%",1,1,0,"2,13%",1,1,0,"2,13%","100,00%"
2025-10-28 15:00:00,38,102,35,9,"23,68%",16,3,13,41,"34,21%",3,4,0,"7,89%",3,4,0,"7,89%","100,00%"
2025-10-28 16:00:00,41,82,27,18,"43,90%",14,5,8,27,"19,51%",1,1,0,"2,44%",1,1,0,"2,44%","100,00%"
2025-10-28 17:00:00,38,57,23,23,"60,53%",12,0,4,18,"10,53%",1,5,0,"2,63%",1,5,0,"2,63%","100,00%"
2025-10-28 18:00:00,51,94,31,24,"47,06%",19,7,12,20,"23,53%",5,11,0,"9,80%",5,11,0,"9,80%","100,00%"
2025-10-28 19:00:00,53,118,33,22,"41,51%",25,2,10,21,"18,87%",1,3,0,"1,89%",1,3,0,"1,89%","100,00%"
2025-10-28 20:00:00,40,69,32,17,"42,50%",25,3,11,18,"27,50%",2,3,0,"5,00%",2,3,0,"5,00%","100,00%"
2025-10-28 21:00:00,44,64,29,17,"38,64%",29,3,9,20,"20,45%",4,8,0,"9,09%",4,8,0,"9,09%","100,00%"
2025-10-28 22:00:00,32,56,27,11,"34,38%",14,2,6,58,"18,75%",2,3,0,"6,25%",2,3,0,"6,25%","100,00%"
2025-10-28 23:00:00,28,69,23,13,"46,43%",15,4,10,18,"35,71%",2,2,0,"7,14%",2,2,0,"7,14%","100,00%"
2025-10-29 00:00:00,12,22,10,2,"16,67%",4,3,3,6,"25,00%",0,0,0,"0,00%",0,0,0,"0,00%","0,00%"
2025-10-29 01:00:00,10,37,14,1,"10,00%",4,2,4,23,"40,00%",0,0,0,"0,00%",0,0,0,"0,00%","0,00%"
2025-10-29 02:00:00,7,14,8,2,"28,57%",2,0,1,2,"14,29%",0,0,0,"0,00%",0,0,0,"0,00%","0,00%"
2025-10-29 03:00:00,6,6,4,5,"83,33%",3,0,0,0,"0,00%",0,0,0,"0,00%",0,0,0,"0,00%","0,00%"
2025-10-29 04:00:00,11,36,17,2,"18,18%",5,3,4,7,"36,36%",0,0,0,"0,00%",0,0,0,"0,00%","0,00%"
2025-10-29 05:00:00,16,19,9,4,"25,00%",9,0,5,5,"31,25%",2,5,2,"12,50%",2,5,2,"12,50%","100,00%"
2025-10-29 06:00:00,18,23,13,10,"55,56%",6,0,3,3,"16,67%",1,1,1,"5,56%",1,1,1,"5,56%","100,00%"
2025-10-29 07:00:00,33,62,20,15,"45,45%",13,11,6,20,"18,18%",1,1,1,"3,03%",1,1,1,"3,03%","100,00%"
2025-10-29 08:00:00,33,75,22,11,"33,33%",11,4,7,8,"21,21%",1,1,1,"3,03%",1,1,1,"3,03%","100,00%"
2025-10-29 09:00:00,40,70,24,13,"32,50%",19,5,10,13,"25,00%",3,5,3,"7,50%",3,5,3,"7,50%","100,00%"
2025-10-29 10:00:00,25,42,19,9,"36,00%",11,1,7,12,"28,00%",3,4,2,"12,00%",3,4,2,"12,00%","100,00%"
2025-10-29 11:00:00,37,54,20,15,"40,54%",19,0,12,23,"32,43%",2,2,2,"5,41%",2,2,2,"5,41%","100,00%"
2025-10-29 12:00:00,44,92,29,15,"34,09%",20,6,9,25,"20,45%",6,76,5,"13,64%",5,75,4,"11,36%","83,33%"
2025-10-29 13:00:00,45,89,31,20,"44,44%",27,5,8,10,"17,78%",4,6,3,"8,89%",5,7,4,"11,11%","125,00%"
2025-10-29 14:00:00,33,81,35,11,"33,33%",17,5,10,20,"30,30%",3,8,5,"9,09%",3,8,5,"9,09%","100,00%"
2025-10-29 15:00:00,39,90,36,10,"25,64%",17,4,10,22,"25,64%",0,0,0,"0,00%",0,0,0,"0,00%","0,00%"
2025-10-29 16:00:00,28,56,21,9,"32,14%",17,3,7,12,"25,00%",4,14,3,"14,29%",4,14,3,"14,29%","100,00%"
2025-10-29 17:00:00,44,120,34,9,"20,45%",23,8,16,35,"36,36%",4,6,3,"9,09%",2,3,2,"4,55%","50,00%"
2025-10-29 18:00:00,60,136,41,22,"36,67%",33,6,17,32,"28,33%",2,3,2,"3,33%",3,4,3,"5,00%","150,00%"
2025-10-29 19:00:00,43,71,29,15,"34,88%",30,3,11,22,"25,58%",0,0,0,"0,00%",0,0,0,"0,00%","0,00%"
2025-10-29 20:00:00,51,105,35,18,"35,29%",26,6,11,13,"21,57%",5,14,6,"9,80%",5,14,6,"9,80%","100,00%"
2025-10-29 21:00:00,38,95,42,10,"26,32%",21,3,10,24,"26,32%",1,1,1,"2,63%",1,1,1,"2,63%","100,00%"
2025-10-29 22:00:00,35,65,24,12,"34,29%",19,6,9,13,"25,71%",2,2,2,"5,71%",1,1,1,"2,86%","50,00%"
2025-10-29 23:00:00,22,36,13,4,"18,18%",9,2,4,10,"18,18%",1,1,1,"4,55%",1,1,1,"4,55%","100,00%"
2025-10-30 00:00:00,7,10,7,2,"28,57%",5,1,2,2,"28,57%",1,2,2,"14,29%",1,2,2,"14,29%","100,00%"
2025-10-30 01:00:00,12,23,9,5,"41,67%",6,4,2,2,"16,67%",0,0,0,"0,00%",0,0,0,"0,00%","0,00%"
2025-10-30 02:00:00,7,18,11,3,"42,86%",4,1,1,2,"14,29%",0,0,0,"0,00%",0,0,0,"0,00%","0,00%"
2025-10-30 03:00:00,3,7,3,1,"33,33%",2,0,0,0,"0,00%",0,0,0,"0,00%",0,0,0,"0,00%","0,00%"
2025-10-30 04:00:00,6,7,5,3,"50,00%",4,0,2,3,"33,33%",0,0,0,"0,00%",0,0,0,"0,00%","0,00%"
2025-10-30 05:00:00,20,60,31,9,"45,00%",10,8,7,19,"35,00%",0,0,0,"0,00%",0,0,0,"0,00%","0,00%"
2025-10-30 06:00:00,28,58,19,16,"57,14%",12,4,4,10,"14,29%",1,2,1,"3,57%",1,2,1,"3,57%","100,00%"
2025-10-30 07:00:00,19,25,13,9,"47,37%",13,1,1,1,"5,26%",0,0,0,"0,00%",0,0,0,"0,00%","0,00%"
2025-10-30 08:00:00,35,66,24,13,"37,14%",15,7,8,18,"22,86%",0,0,0,"0,00%",0,0,0,"0,00%","0,00%"
2025-10-30 09:00:00,33,74,28,12,"36,36%",20,8,9,23,"27,27%",3,3,3,"9,09%",3,3,3,"9,09%","100,00%"
2025-10-30 10:00:00,36,79,25,15,"41,67%",20,5,9,24,"25,00%",0,0,0,"0,00%",0,0,0,"0,00%","0,00%"
2025-10-30 11:00:00,45,104,33,16,"35,56%",24,6,13,45,"28,89%",2,2,2,"4,44%",2,2,2,"4,44%","100,00%"
2025-10-30 12:00:00,41,81,29,11,"26,83%",22,3,11,12,"26,83%",3,3,3,"7,32%",2,2,2,"4,88%","66,67%"
2025-10-30 13:00:00,39,74,27,16,"41,03%",17,3,13,28,"33,33%",0,0,0,"0,00%",0,0,0,"0,00%","0,00%"
2025-10-30 14:00:00,54,92,28,18,"33,33%",23,6,12,20,"22,22%",5,9,5,"9,26%",5,9,5,"9,26%","100,00%"
2025-10-30 15:00:00,28,58,22,5,"17,86%",18,8,6,24,"21,43%",2,3,2,"7,14%",2,3,2,"7,14%","100,00%"
2025-10-30 16:00:00,30,53,26,9,"30,00%",14,0,8,14,"26,67%",0,0,0,"0,00%",0,0,0,"0,00%","0,00%"
2025-10-30 17:00:00,39,73,29,15,"38,46%",26,2,11,15,"28,21%",3,3,3,"7,69%",3,3,3,"7,69%","100,00%"
2025-10-30 18:00:00,43,74,31,19,"44,19%",24,5,13,27,"30,23%",6,10,6,"13,95%",6,10,6,"13,95%","100,00%"
2025-10-30 19:00:00,39,83,29,14,"35,90%",17,6,9,26,"23,08%",2,3,2,"5,13%",2,3,2,"5,13%","100,00%"
2025-10-30 20:00:00,36,61,27,13,"36,11%",19,2,5,24,"13,89%",3,5,4,"8,33%",3,5,4,"8,33%","100,00%"
2025-10-30 21:00:00,46,99,35,17,"36,96%",22,7,17,31,"36,96%",3,8,4,"6,52%",3,8,4,"6,52%","100,00%"
2025-10-30 22:00:00,34,63,25,11,"32,35%",18,2,7,20,"20,59%",1,1,1,"2,94%",1,1,1,"2,94%","100,00%"
2025-10-30 23:00:00,19,34,13,4,"21,05%",9,6,1,2,"5,26%",1,2,1,"5,26%",1,2,1,"5,26%","100,00%"
2025-10-31 00:00:00,10,22,11,5,"50,00%",7,1,4,11,"40,00%",1,2,2,"10,00%",1,2,2,"10,00%","100,00%"
2025-10-31 01:00:00,5,10,4,3,"60,00%",3,1,2,13,"40,00%",0,0,0,"0,00%",0,0,0,"0,00%","0,00%"
2025-10-31 02:00:00,4,4,4,1,"25,00%",3,0,0,0,"0,00%",0,0,0,"0,00%",0,0,0,"0,00%","0,00%"
2025-10-31 03:00:00,7,15,7,3,"42,86%",5,1,1,3,"14,29%",0,0,0,"0,00%",0,0,0,"0,00%","0,00%"
2025-10-31 04:00:00,7,15,8,3,"42,86%",3,0,0,0,"0,00%",0,0,0,"0,00%",0,0,0,"0,00%","0,00%"
2025-10-31 05:00:00,14,29,21,6,"42,86%",12,4,5,11,"35,71%",0,0,0,"0,00%",0,0,0,"0,00%","0,00%"
2025-10-31 06:00:00,23,48,18,11,"47,83%",12,2,6,9,"26,09%",0,0,0,"0,00%",0,0,0,"0,00%","0,00%"
2025-10-31 07:00:00,25,62,17,7,"28,00%",14,6,8,19,"32,00%",0,0,0,"0,00%",0,0,0,"0,00%","0,00%"
2025-10-31 08:00:00,35,69,25,14,"40,00%",18,3,10,16,"28,57%",2,4,3,"5,71%",2,4,3,"5,71%","100,00%"
2025-10-31 09:00:00,30,51,17,9,"30,00%",7,1,10,15,"33,33%",2,3,2,"6,67%",2,3,2,"6,67%","100,00%"
2025-10-31 10:00:00,40,67,25,12,"30,00%",18,3,8,16,"20,00%",2,2,1,"5,00%",2,2,1,"5,00%","100,00%"
2025-10-31 11:00:00,42,77,28,18,"42,86%",21,4,8,18,"19,05%",2,2,2,"4,76%",2,2,2,"4,76%","100,00%"
2025-10-31 12:00:00,39,94,27,9,"23,08%",16,6,14,20,"35,90%",7,7,7,"17,95%",7,7,7,"17,95%","100,00%"
2025-10-31 13:00:00,34,88,31,12,"35,29%",15,7,14,42,"41,18%",2,3,2,"5,88%",2,3,2,"5,88%","100,00%"
2025-10-31 14:00:00,45,88,36,14,"31,11%",21,6,8,17,"17,78%",4,4,3,"8,89%",4,4,3,"8,89%","100,00%"
2025-10-31 15:00:00,36,90,34,11,"30,56%",21,6,11,19,"30,56%",2,2,2,"5,56%",2,2,2,"5,56%","100,00%"
2025-10-31 16:00:00,30,59,20,9,"30,00%",13,3,7,17,"23,33%",1,2,1,"3,33%",1,2,1,"3,33%","100,00%"
2025-10-31 17:00:00,26,35,15,13,"50,00%",12,3,6,12,"23,08%",3,6,2,"11,54%",3,6,2,"11,54%","100,00%"
2025-10-31 18:00:00,37,100,32,12,"32,43%",21,2,7,10,"18,92%",3,4,3,"8,11%",3,4,3,"8,11%","100,00%"
2025-10-31 19:00:00,42,66,21,22,"52,38%",19,2,5,7,"11,90%",2,3,2,"4,76%",2,3,2,"4,76%","100,00%"
2025-10-31 20:00:00,48,91,38,20,"41,67%",21,4,8,24,"16,67%",1,4,1,"2,08%",1,4,1,"2,08%","100,00%"
2025-10-31 21:00:00,34,66,24,14,"41,18%",15,3,8,10,"23,53%",2,2,2,"5,88%",1,1,1,"2,94%","50,00%"
2025-10-31 22:00:00,31,61,24,13,"41,94%",14,12,6,18,"19,35%",1,1,1,"3,23%",1,1,1,"3,23%","100,00%"
2025-10-31 23:00:00,17,46,15,4,"23,53%",9,5,5,9,"29,41%",1,1,1,"5,88%",1,1,1,"5,88%","100,00%"
